date,gas price,oil price,coal price,carbon price
2014-01-24 00:00:00,66,107.88,79.42,6.89
2014-01-27 00:00:00,64.2,106.69,79.43,7.04
2014-01-28 00:00:00,63.75,107.41,79.29,7.2
2014-01-29 00:00:00,63.2,107.85,78.52,7.21
2014-01-30 00:00:00,62.6,107.95,78.18,7.46
2014-01-31 00:00:00,61.5,106.4,77.46,7.23
2014-02-03 00:00:00,60.6,106.04,79.54,7.65
2014-02-04 00:00:00,60.55,105.78,79.44,7.65
2014-02-05 00:00:00,61,106.25,79.55,7.98
2014-02-06 00:00:00,61.25,107.19,79.59,8.48
2014-02-07 00:00:00,60.6,109.57,79.31,8.46
2014-02-10 00:00:00,60.6,108.63,78.53,8.42
2014-02-11 00:00:00,61.2,108.68,78.31,8.24
2014-02-12 00:00:00,61.7,108.79,77.96,8.36
2014-02-13 00:00:00,59.65,108.73,78.16,8.4
2014-02-14 00:00:00,58.8,109.08,78.55,8.61
2014-02-17 00:00:00,58.7,109.18,78.41,8.89
2014-02-18 00:00:00,58.9,110.46,78.19,8.81
2014-02-19 00:00:00,58.2,110.47,77.6,9.31
2014-02-20 00:00:00,58.2,110.3,77.53,9.39
2014-02-21 00:00:00,57.45,109.85,77.43,9.57
2014-02-24 00:00:00,56,110.64,76.64,9.41
2014-02-25 00:00:00,56.2,109.51,76.55,8.47
2014-02-26 00:00:00,56,109.52,75.96,8.79
2014-02-27 00:00:00,56.9,108.96,76.65,8.82
2014-02-28 00:00:00,56.65,109.07,76.84,9.63
2014-03-03 00:00:00,61.3,111.2,77.64,9.12
2014-03-04 00:00:00,59.2,109.3,77.2,9.33
2014-03-05 00:00:00,57.95,107.76,76.66,9.27
2014-03-06 00:00:00,59,108.1,76.58,9.28
2014-03-07 00:00:00,58.8,109,76.86,9.38
2014-03-10 00:00:00,58.4,108.08,76.21,9.37
2014-03-11 00:00:00,57.8,108.55,76.68,9.27
2014-03-12 00:00:00,58.85,108.02,76.85,8.9
2014-03-13 00:00:00,58.7,107.39,77.14,8.81
2014-03-14 00:00:00,57.5,108.57,77.7,8.62
2014-03-17 00:00:00,58.5,106.24,77.95,8.04
2014-03-18 00:00:00,58,106.79,77.69,7.91
2014-03-19 00:00:00,57.1,105.85,77.64,8.18
2014-03-20 00:00:00,55.75,106.45,77.39,8.2
2014-03-21 00:00:00,54.25,106.92,77.86,8.39
2014-03-24 00:00:00,54.95,106.81,77.4,8.05
2014-03-25 00:00:00,55.75,106.99,76.83,8.07
2014-03-26 00:00:00,55.75,107.03,76.48,7.97
2014-03-27 00:00:00,55.6,107.83,76.61,7.2
2014-03-28 00:00:00,53.75,108.07,76.75,6.05
2014-03-31 00:00:00,50.5,107.76,76.93,6.32
2014-04-01 00:00:00,50.75,105.62,76.75,6.77
2014-04-02 00:00:00,48.15,104.79,76.59,6.48
2014-04-03 00:00:00,48.7,106.15,76.59,6.49
2014-04-04 00:00:00,48.15,106.72,76.44,6.25
2014-04-07 00:00:00,51.2,105.82,77.04,6.59
2014-04-08 00:00:00,51,107.67,76.83,6.44
2014-04-09 00:00:00,51.4,107.98,77,6.53
2014-04-10 00:00:00,51,107.46,77.48,6.69
2014-04-11 00:00:00,52.05,107.33,77.63,6.91
2014-04-14 00:00:00,52.525,109.07,77.83,6.78
2014-04-15 00:00:00,52.5,108.74,78.09,7.14
2014-04-16 00:00:00,51.15,109.6,78.53,7.05
2014-04-17 00:00:00,50.7,109.53,78.1,7.16
2014-04-18 00:00:00,50.7,109.53,78.1,7.16
2014-04-21 00:00:00,50.7,109.95,78.1,7.16
2014-04-22 00:00:00,50.4,109.27,77.84,7.31
2014-04-23 00:00:00,48.5,109.11,77.83,7.3
2014-04-24 00:00:00,49.2,110.33,78.29,7.38
2014-04-25 00:00:00,49.7,109.58,78.65,6.65
2014-04-28 00:00:00,48.95,108.12,78.9,6.77
2014-04-29 00:00:00,48,108.98,78.74,7.04
2014-04-30 00:00:00,46.6,108.07,78.34,7.04
2014-05-01 00:00:00,46.45,107.76,78.15,7.04
2014-05-02 00:00:00,47.5,108.59,78.58,6.78
2014-05-05 00:00:00,47.5,107.72,78.58,6.8
2014-05-06 00:00:00,46.5,107.06,78.79,6.8
2014-05-07 00:00:00,44.95,108.13,78.11,6.69
2014-05-08 00:00:00,47.35,108.04,78.09,6.7
2014-05-09 00:00:00,46.8,107.89,78.14,6.82
2014-05-12 00:00:00,46.7,108.41,78.34,6.91
2014-05-13 00:00:00,47.25,109.24,78.54,6.89
2014-05-14 00:00:00,46.4,110.19,78.63,6.67
2014-05-15 00:00:00,45.2,110.44,78.56,6.25
2014-05-16 00:00:00,44.35,109.75,78.55,6.28
2014-05-19 00:00:00,45.2,109.37,78.34,6.16
2014-05-20 00:00:00,45.75,109.69,78.19,6.32
2014-05-21 00:00:00,45.35,110.55,78.26,6.66
2014-05-22 00:00:00,45.8,110.36,78.45,6.73
2014-05-23 00:00:00,45.6,110.54,78.46,6.65
2014-05-26 00:00:00,45.6,110.32,78.46,6.62
2014-05-27 00:00:00,43.8,110.02,78.23,6.71
2014-05-28 00:00:00,44.5,109.81,78.04,6.74
2014-05-29 00:00:00,43.7,109.97,77.94,6.74
2014-05-30 00:00:00,42.7,109.41,77.31,6.56
2014-06-02 00:00:00,41.375,108.83,76.8,6.65
2014-06-03 00:00:00,42.3,108.82,76.96,6.98
2014-06-04 00:00:00,41.5,108.4,76.81,6.94
2014-06-05 00:00:00,39.8,108.79,76.5,7.08
2014-06-06 00:00:00,36,108.61,76.08,6.97
2014-06-09 00:00:00,37,109.99,75.95,7.07
2014-06-10 00:00:00,37.3,109.52,75.98,7.03
2014-06-11 00:00:00,40.475,109.95,75.81,6.89
2014-06-12 00:00:00,39.95,113.02,75.83,7.09
2014-06-13 00:00:00,40.4,113.41,76.2,7.22
2014-06-16 00:00:00,43.05,112.94,76.23,7.18
2014-06-17 00:00:00,40.95,113.45,75.86,7.26
2014-06-18 00:00:00,40.1,114.26,75.59,7.2
2014-06-19 00:00:00,39.1,115.06,75.55,7.08
2014-06-20 00:00:00,38.5,114.81,75.38,7.19
2014-06-23 00:00:00,37.75,114.12,75.19,7.34
2014-06-24 00:00:00,38.5,114.46,75.38,7.29
2014-06-25 00:00:00,39.3,114,75.55,7.24
2014-06-26 00:00:00,38.2,113.21,75.29,7.24
2014-06-27 00:00:00,39.2,113.3,75.38,7.31
2014-06-30 00:00:00,39.35,112.36,75.29,7.36
2014-07-01 00:00:00,39.15,112.29,75.01,7.55
2014-07-02 00:00:00,38.3,111.24,74.73,7.61
2014-07-03 00:00:00,37.15,111,74.53,7.52
2014-07-04 00:00:00,36.45,110.64,74.6,7.06
2014-07-07 00:00:00,35.5,110.24,74.8,6.92
2014-07-08 00:00:00,35.925,108.94,74.66,7.12
2014-07-09 00:00:00,35.5,108.28,74.55,7.2
2014-07-10 00:00:00,35.4,108.67,74.26,7.06
2014-07-11 00:00:00,35.8,106.66,73.88,7.12
2014-07-14 00:00:00,37.85,106.98,74.06,7.27
2014-07-15 00:00:00,36.85,106.02,73.94,7.34
2014-07-16 00:00:00,37.325,105.85,73.24,7.45
2014-07-17 00:00:00,39.75,107.89,73.88,7.57
2014-07-18 00:00:00,38.1,107.24,73.85,7.38
2014-07-21 00:00:00,37.85,107.68,74.01,7.44
2014-07-22 00:00:00,37.1,107.33,74.78,7.57
2014-07-23 00:00:00,37.15,108.03,75.2,7.58
2014-07-24 00:00:00,38,107.07,75.4,7.44
2014-07-25 00:00:00,40.9,108.39,75.74,7.51
2014-07-28 00:00:00,42.875,107.57,76.29,7.57
2014-07-29 00:00:00,40.2,107.72,75.51,7.39
2014-07-30 00:00:00,39.7,106.51,74.86,7.48
2014-07-31 00:00:00,40,106.02,74.54,7.54
2014-08-01 00:00:00,38,104.84,74.41,7.61
2014-08-04 00:00:00,36.55,105.41,74.54,7.57
2014-08-05 00:00:00,38.1,104.61,74.54,7.54
2014-08-06 00:00:00,37.7,104.59,75.26,7.55
2014-08-07 00:00:00,38,105.44,75.84,7.26
2014-08-08 00:00:00,37.7,105.02,76.36,7.26
2014-08-11 00:00:00,37.35,104.68,75.98,7.45
2014-08-12 00:00:00,38.65,103.02,75.43,7.43
2014-08-13 00:00:00,40,104.28,75.89,7.57
2014-08-14 00:00:00,40.75,102.01,75.59,7.57
2014-08-15 00:00:00,45,103.53,75.91,7.73
2014-08-18 00:00:00,42.75,101.6,75.21,7.69
2014-08-19 00:00:00,42.8,101.56,74.99,7.8
2014-08-20 00:00:00,41,102.28,74.84,7.77
2014-08-21 00:00:00,40.45,102.63,75.08,7.69
2014-08-22 00:00:00,42,102.29,75.26,7.7
2014-08-25 00:00:00,42,102.65,75.26,7.68
2014-08-26 00:00:00,43.7,102.5,75.15,7.65
2014-08-27 00:00:00,43.2,102.72,74.58,7.7
2014-08-28 00:00:00,45.5,102.46,74.6,7.78
2014-08-29 00:00:00,45.2,103.19,74.15,7.73
2014-09-01 00:00:00,50,102.79,74.05,7.73
2014-09-02 00:00:00,49.25,100.34,73.61,7.73
2014-09-03 00:00:00,48,102.77,73.61,7.66
2014-09-04 00:00:00,49.7,101.83,73.03,7.41
2014-09-05 00:00:00,48.65,100.82,72.88,7.55
2014-09-08 00:00:00,47.35,100.2,73,7.56
2014-09-09 00:00:00,45.5,99.16,72.15,7.37
2014-09-10 00:00:00,46.25,98.04,72.48,7.32
2014-09-11 00:00:00,45,98.08,72.33,7.34
2014-09-12 00:00:00,45.2,97.11,72.55,7.27
2014-09-15 00:00:00,49.6,96.65,72.43,7.08
2014-09-16 00:00:00,50,99.05,71.95,6.93
2014-09-17 00:00:00,49,98.97,71.76,7.02
2014-09-18 00:00:00,49.8,97.7,71.73,7.13
2014-09-19 00:00:00,49.4,98.39,71.73,7.18
2014-09-22 00:00:00,49.25,96.97,71.31,7.15
2014-09-23 00:00:00,48.8,96.85,70.74,6.77
2014-09-24 00:00:00,49.35,96.95,70.61,6.94
2014-09-25 00:00:00,49.6,97,70.21,6.94
2014-09-26 00:00:00,50,97,70.08,7.06
2014-09-29 00:00:00,50.25,97.2,69.19,6.88
2014-09-30 00:00:00,50.65,94.67,69.01,6.94
2014-10-01 00:00:00,51.925,94.16,69.15,6.9
2014-10-02 00:00:00,51.6,93.42,69.63,6.75
2014-10-03 00:00:00,48.75,92.31,68.8,6.73
2014-10-06 00:00:00,49.4,92.79,68.63,6.73
2014-10-07 00:00:00,47.8,92.11,69.08,6.79
2014-10-08 00:00:00,49.85,91.38,69.1,7.13
2014-10-09 00:00:00,49.6,90.05,68.63,7.21
2014-10-10 00:00:00,51.3,90.21,68.02,7.12
2014-10-13 00:00:00,49,88.89,67.59,7.14
2014-10-14 00:00:00,50.75,85.04,67.24,7.16
2014-10-15 00:00:00,50.5,83.78,67.59,7.24
2014-10-16 00:00:00,52.4,84.47,67.5,7.3
2014-10-17 00:00:00,49.8,86.16,67.4,7.19
2014-10-20 00:00:00,46,85.4,67.28,7.21
2014-10-21 00:00:00,51,86.22,67.43,7.25
2014-10-22 00:00:00,52.5,84.71,68.6,7.31
2014-10-23 00:00:00,52,86.83,68.4,7.43
2014-10-24 00:00:00,50,86.13,68.33,7.5
2014-10-27 00:00:00,50.8,85.83,68.28,7.38
2014-10-28 00:00:00,52.6,86.03,68.1,7.25
2014-10-29 00:00:00,53.45,87.12,68.08,7.51
2014-10-30 00:00:00,51.2,86.24,67.79,7.52
2014-10-31 00:00:00,47,85.86,67.35,7.44
2014-11-03 00:00:00,52.85,84.78,66.63,7.7
2014-11-04 00:00:00,52.9,82.82,65.69,7.63
2014-11-05 00:00:00,52,82.95,65.65,7.79
2014-11-06 00:00:00,52.4,82.86,65.23,7.76
2014-11-07 00:00:00,53.25,83.39,65.9,7.89
2014-11-10 00:00:00,55,82.34,66.43,7.85
2014-11-11 00:00:00,53.65,81.67,66.81,7.96
2014-11-12 00:00:00,54.75,80.38,66.85,8.02
2014-11-13 00:00:00,53.4,77.92,66.67,7.94
2014-11-14 00:00:00,53.75,79.41,66.73,7.73
2014-11-17 00:00:00,54.7,79.31,67.22,8.02
2014-11-18 00:00:00,53.45,78.47,67.57,8.15
2014-11-19 00:00:00,55.05,78.1,67.64,8.19
2014-11-20 00:00:00,56.5,79.33,67.3,8.09
2014-11-21 00:00:00,56.25,80.36,67.62,8.13
2014-11-24 00:00:00,57.7,79.68,68,8.18
2014-11-25 00:00:00,59.5,78.33,68.17,8.26
2014-11-26 00:00:00,59.5,77.75,68.19,8.33
2014-11-27 00:00:00,57.6,72.58,67.65,8.23
2014-11-28 00:00:00,58.4,70.15,67.42,8.16
2014-12-01 00:00:00,58,72.54,66.94,8.2
2014-12-02 00:00:00,56.725,70.54,66.38,7.96
2014-12-03 00:00:00,57,69.92,66.4,8
2014-12-04 00:00:00,56.3,69.64,66.43,7.95
2014-12-05 00:00:00,55.7,69.07,66.38,7.73
2014-12-08 00:00:00,54.5,66.19,65.87,7.74
2014-12-09 00:00:00,55.5,66.84,66.2,7.82
2014-12-10 00:00:00,55.05,64.24,66.1,7.61
2014-12-11 00:00:00,54.25,63.68,66.3,7.79
2014-12-12 00:00:00,54.1,61.85,65.98,7.7
2014-12-15 00:00:00,53.85,61.06,65.33,7.94
2014-12-16 00:00:00,54,59.86,64.83,7.98
2014-12-17 00:00:00,53.375,61.18,64.58,8.05
2014-12-18 00:00:00,53,59.27,64.72,8.11
2014-12-19 00:00:00,52.2,61.38,64.38,8.15
2014-12-22 00:00:00,51,60.11,63.9,8.18
2014-12-23 00:00:00,52.5,61.69,63.66,8.35
2014-12-24 00:00:00,52.9,60.24,63.58,8.47
2014-12-25 00:00:00,52.9,60.24,63.58,8.47
2014-12-26 00:00:00,52.9,59.45,63.58,8.47
2014-12-29 00:00:00,52,57.88,63.13,8.35
2014-12-30 00:00:00,50.1,57.9,62.87,8.32
2014-12-31 00:00:00,48.75,57.33,62.7,8.35
2015-01-01 00:00:00,48.75,57.33,62.7,8.35
2015-01-02 00:00:00,45,56.42,61.16,8.09
2015-01-05 00:00:00,46.8,53.11,59.74,7.98
2015-01-06 00:00:00,45.1,51.1,59.1,7.84
2015-01-07 00:00:00,45.4,51.15,58.86,7.82
2015-01-08 00:00:00,45.55,50.96,58.96,7.85
2015-01-09 00:00:00,45.2,50.11,58.91,7.74
2015-01-12 00:00:00,47.5,47.43,57.73,7.75
2015-01-13 00:00:00,47.2,46.59,58.96,8.35
2015-01-14 00:00:00,49.75,48.69,58.08,8.22
2015-01-15 00:00:00,46.5,47.67,56.93,8.17
2015-01-16 00:00:00,46.5,50.17,56.19,8.18
2015-01-19 00:00:00,44.65,48.84,56.45,8.26
2015-01-20 00:00:00,44.7,47.99,56.69,8.21
2015-01-21 00:00:00,45.5,49.03,57.35,8.4
2015-01-22 00:00:00,45.4,48.52,56.95,7.78
2015-01-23 00:00:00,44.45,48.79,56.06,7.82
2015-01-26 00:00:00,44.5,48.16,56.09,7.87
2015-01-27 00:00:00,45.85,49.6,56.54,7.85
2015-01-28 00:00:00,46.35,48.47,57.99,7.97
2015-01-29 00:00:00,48.8,49.13,57.59,8.06
2015-01-30 00:00:00,49.15,52.99,57.43,8.09
2015-02-02 00:00:00,48.75,54.75,58.73,8.14
2015-02-03 00:00:00,47.85,57.91,59.35,8.07
2015-02-04 00:00:00,48.95,54.16,59.03,7.93
2015-02-05 00:00:00,49.7,56.57,60.26,8
2015-02-06 00:00:00,48.55,57.8,59.9,7.96
2015-02-09 00:00:00,49.3,58.34,60.58,7.92
2015-02-10 00:00:00,51.5,56.43,60,8.13
2015-02-11 00:00:00,53.5,54.66,60.05,8.26
2015-02-12 00:00:00,56,57.05,60.25,8.42
2015-02-13 00:00:00,53.4,61.52,61.15,8.66
2015-02-16 00:00:00,51.4,61.4,62.15,8.67
2015-02-17 00:00:00,50.5,62.53,60.7,8.47
2015-02-18 00:00:00,50.675,60.53,59.5,8.49
2015-02-19 00:00:00,49.75,60.21,58.7,8.33
2015-02-20 00:00:00,51,60.22,59.25,8.3
2015-02-23 00:00:00,49.325,58.9,58.75,8.7
2015-02-24 00:00:00,49.65,58.66,59,8.43
2015-02-25 00:00:00,51,61.63,59.35,8.36
2015-02-26 00:00:00,53,60.05,59.55,8
2015-02-27 00:00:00,51.85,62.58,61.25,8.03
2015-03-02 00:00:00,49.2,59.54,60.6,7.86
2015-03-03 00:00:00,48,61.02,59.93,7.63
2015-03-04 00:00:00,48.4,60.55,59.65,7.94
2015-03-05 00:00:00,47.75,60.48,58.6,7.65
2015-03-06 00:00:00,45.15,59.73,57.3,7.69
2015-03-09 00:00:00,48.1,58.53,57.45,7.55
2015-03-10 00:00:00,46.3,56.39,56.95,7.68
2015-03-11 00:00:00,47.35,57.54,57.2,7.63
2015-03-12 00:00:00,47.8,57.08,56.85,7.26
2015-03-13 00:00:00,47,54.67,56.65,7.3
2015-03-16 00:00:00,47.15,53.44,55.85,7.33
2015-03-17 00:00:00,47.25,53.51,56.05,7.57
2015-03-18 00:00:00,47.6,55.91,56.6,7.57
2015-03-19 00:00:00,47.2,54.43,55.35,7.5
2015-03-20 00:00:00,46.3,55.32,55.4,7.9
2015-03-23 00:00:00,46.4,55.92,55.5,7.9
2015-03-24 00:00:00,47.5,55.11,55.8,7.88
2015-03-25 00:00:00,47.15,56.48,55.89,7.81
2015-03-26 00:00:00,48.6,59.19,56.8,7.8
2015-03-27 00:00:00,48.15,56.41,56.73,7.6
2015-03-30 00:00:00,47.35,56.29,56.1,7.73
2015-03-31 00:00:00,48.15,55.11,55.7,7.77
2015-04-01 00:00:00,50.35,57.1,54.91,7.96
2015-04-02 00:00:00,52,54.95,54.8,7.96
2015-04-03 00:00:00,52,54.95,54.8,7.96
2015-04-06 00:00:00,52,58.12,54.8,7.96
2015-04-07 00:00:00,47.1,59.1,54.05,7.92
2015-04-08 00:00:00,47.7,55.55,53.9,7.93
2015-04-09 00:00:00,48.2,56.57,54.55,7.81
2015-04-10 00:00:00,47.9,57.87,54.49,7.74
2015-04-13 00:00:00,48.1,57.93,54.35,7.61
2015-04-14 00:00:00,46.75,58.43,54.68,7.61
2015-04-15 00:00:00,47.05,60.32,55.2,7.66
2015-04-16 00:00:00,46.75,63.98,56,7.69
2015-04-17 00:00:00,45.35,63.45,55.65,7.66
2015-04-20 00:00:00,45.65,63.45,55.4,7.96
2015-04-21 00:00:00,45.75,62.08,55.35,7.93
2015-04-22 00:00:00,45.6,62.73,55.2,7.93
2015-04-23 00:00:00,45.3,64.85,55.25,8.08
2015-04-24 00:00:00,44.8,65.28,56.15,8.12
2015-04-27 00:00:00,45.2,64.83,56.25,7.99
2015-04-28 00:00:00,44.95,64.64,56.19,8.19
2015-04-29 00:00:00,45.3,65.84,57.08,8.3
2015-04-30 00:00:00,46,66.78,57.25,8.22
2015-05-01 00:00:00,44.2,66.46,57.7,8.31
2015-05-04 00:00:00,44.2,66.45,57.7,8.41
2015-05-05 00:00:00,45,67.52,57.8,8.38
2015-05-06 00:00:00,45.7,67.77,57.71,8.37
2015-05-07 00:00:00,46.4,65.54,56.66,8.27
2015-05-08 00:00:00,46.55,65.39,56.4,8.38
2015-05-11 00:00:00,46,64.91,56.8,8.46
2015-05-12 00:00:00,45.65,66.86,56.8,8.43
2015-05-13 00:00:00,45.75,66.81,57.25,8.5
2015-05-14 00:00:00,44.4,66.59,57.25,8.4
2015-05-15 00:00:00,44.35,66.81,57.1,8.42
2015-05-18 00:00:00,45,66.27,56.85,8.44
2015-05-19 00:00:00,43.1,64.02,56.13,8.2
2015-05-20 00:00:00,44,65.03,56.1,8.16
2015-05-21 00:00:00,42.85,66.54,56.18,8.11
2015-05-22 00:00:00,42.35,65.37,56.4,8.11
2015-05-25 00:00:00,42.35,65.52,56.4,8.19
2015-05-26 00:00:00,43.1,63.72,56.1,8.06
2015-05-27 00:00:00,42.875,62.06,56.4,8.01
2015-05-28 00:00:00,42.95,62.58,56.24,8.02
2015-05-29 00:00:00,43.8,65.56,57.1,8.13
2015-06-01 00:00:00,43.85,64.88,56.8,8.03
2015-06-02 00:00:00,45,65.49,57.55,8.24
2015-06-03 00:00:00,45.25,63.8,57,8.28
2015-06-04 00:00:00,44.5,62.03,57.1,8.2
2015-06-05 00:00:00,43.55,63.31,57.09,8.21
2015-06-08 00:00:00,45.25,62.69,56.89,8.25
2015-06-09 00:00:00,45.45,64.88,56.85,8.37
2015-06-10 00:00:00,46,65.7,57.05,8.38
2015-06-11 00:00:00,42.35,65.11,57.8,8.3
2015-06-12 00:00:00,42.7,63.87,57.9,8.38
2015-06-15 00:00:00,42.8,62.61,58.2,8.29
2015-06-16 00:00:00,44,63.7,58.1,8.18
2015-06-17 00:00:00,41.9,63.87,58.15,8.25
2015-06-18 00:00:00,42.5,64.26,58.8,8.23
2015-06-19 00:00:00,44.45,63.02,58.5,8.19
2015-06-22 00:00:00,43.55,63.34,59.4,8.23
2015-06-23 00:00:00,43.45,64.45,59.45,8.25
2015-06-24 00:00:00,43.7,63.49,59.3,8.23
2015-06-25 00:00:00,42.5,63.2,59.85,8.34
2015-06-26 00:00:00,42.05,63.26,59.35,8.28
2015-06-29 00:00:00,41.65,62.01,59.4,8.09
2015-06-30 00:00:00,41.95,63.59,59.78,8.17
2015-07-01 00:00:00,42.7,62.01,59.3,8.22
2015-07-02 00:00:00,43.4,62.07,59.19,8.18
2015-07-03 00:00:00,43.2,60.32,58.74,8.18
2015-07-06 00:00:00,43.75,56.54,58.3,8.11
2015-07-07 00:00:00,43.6,56.85,57.89,8.18
2015-07-08 00:00:00,44,57.05,58.15,8.17
2015-07-09 00:00:00,44.55,58.61,58.15,8.21
2015-07-10 00:00:00,44.7,58.73,58.3,8.34
2015-07-13 00:00:00,44.75,57.85,57.9,8.53
2015-07-14 00:00:00,44.95,58.51,57.95,8.46
2015-07-15 00:00:00,44.5,57.05,57.5,8.5
2015-07-16 00:00:00,43.8,57.51,57.45,8.4
2015-07-17 00:00:00,43.1,57.1,57.15,8.48
2015-07-20 00:00:00,43.9,56.65,57.36,8.74
2015-07-21 00:00:00,44.55,57.04,57.71,8.71
2015-07-22 00:00:00,43.8,56.13,56.95,8.7
2015-07-23 00:00:00,42.2,55.27,56.6,8.82
2015-07-24 00:00:00,43,54.62,56.6,8.75
2015-07-27 00:00:00,42.275,53.47,56.4,8.76
2015-07-28 00:00:00,43.45,53.3,56.3,8.75
2015-07-29 00:00:00,42.925,53.38,56.65,8.79
2015-07-30 00:00:00,43.9,53.31,56.4,8.6
2015-07-31 00:00:00,42.9,52.21,55.65,8.59
2015-08-03 00:00:00,41.8,49.52,55.35,8.68
2015-08-04 00:00:00,41.55,49.99,55.8,8.63
2015-08-05 00:00:00,40.9,49.59,55.6,8.55
2015-08-06 00:00:00,42.55,49.52,55.6,8.56
2015-08-07 00:00:00,42,48.61,54.63,8.5
2015-08-10 00:00:00,40.65,50.41,54.75,8.64
2015-08-11 00:00:00,42.4,49.18,54.55,8.82
2015-08-12 00:00:00,40.55,49.66,54.24,8.92
2015-08-13 00:00:00,40.85,49.22,54.05,8.92
2015-08-14 00:00:00,41.1,49.03,54.1,9.05
2015-08-17 00:00:00,40.5,48.74,53.7,8.97
2015-08-18 00:00:00,40.25,48.81,52.99,9
2015-08-19 00:00:00,38.7,47.16,52.55,9.07
2015-08-20 00:00:00,37.8,46.62,52.3,9.09
2015-08-21 00:00:00,38.1,45.46,52.2,8.93
2015-08-24 00:00:00,36.9,42.69,51.21,8.9
2015-08-25 00:00:00,37.25,43.21,51.33,8.98
2015-08-26 00:00:00,38.25,43.14,51.65,8.83
2015-08-27 00:00:00,39,47.56,52.61,8.78
2015-08-28 00:00:00,38.25,50.05,52.76,8.84
2015-08-31 00:00:00,38.25,54.15,52.76,8.81
2015-09-01 00:00:00,40.4,49.56,52.45,8.74
2015-09-02 00:00:00,40.95,50.5,52.25,8.85
2015-09-03 00:00:00,42.3,50.68,52.65,8.9
2015-09-04 00:00:00,41.7,49.61,51.95,8.82
2015-09-07 00:00:00,42.3,47.63,50.63,8.81
2015-09-08 00:00:00,41.95,49.52,51.3,8.94
2015-09-09 00:00:00,41.9,47.58,50.95,8.99
2015-09-10 00:00:00,41.8,48.89,51.21,9
2015-09-11 00:00:00,41.75,48.14,51.05,8.98
2015-09-14 00:00:00,42.8,46.37,50.95,8.95
2015-09-15 00:00:00,42.6,46.63,50.59,8.88
2015-09-16 00:00:00,41.675,49.75,51.1,8.94
2015-09-17 00:00:00,41.7,49.08,51,8.93
2015-09-18 00:00:00,41.375,47.47,50.6,8.82
2015-09-21 00:00:00,40.7,48.92,50.33,8.69
2015-09-22 00:00:00,40.65,49.08,50.15,8.72
2015-09-23 00:00:00,41.25,47.75,50.15,8.77
2015-09-24 00:00:00,41,48.17,50,8.7
2015-09-25 00:00:00,41.25,48.6,49.75,8.69
2015-09-28 00:00:00,39.5,47.34,49.15,8.61
2015-09-29 00:00:00,40.4,48.23,49.05,8.65
2015-09-30 00:00:00,39.4,48.37,48.6,8.83
2015-10-01 00:00:00,38.75,47.69,48.2,8.85
2015-10-02 00:00:00,38.3,48.13,48.3,8.82
2015-10-05 00:00:00,39.4,49.25,49.22,8.89
2015-10-06 00:00:00,40,51.92,49.68,8.89
2015-10-07 00:00:00,39.75,51.33,49.1,8.78
2015-10-08 00:00:00,41.7,53.05,48.83,8.8
2015-10-09 00:00:00,40.55,52.65,49.4,9.03
2015-10-12 00:00:00,39.35,49.86,48.83,8.98
2015-10-13 00:00:00,40.3,49.24,48.46,9.01
2015-10-14 00:00:00,39.65,49.15,48.27,9.13
2015-10-15 00:00:00,40,48.71,48.3,9.12
2015-10-16 00:00:00,40,50.46,48,9.07
2015-10-19 00:00:00,41.5,48.61,48.05,9.02
2015-10-20 00:00:00,40.7,48.71,47.7,9.14
2015-10-21 00:00:00,40.9,47.85,47.35,9.13
2015-10-22 00:00:00,40.25,48.08,47.22,9.16
2015-10-23 00:00:00,39,47.99,47.35,9.31
2015-10-26 00:00:00,39.1,47.54,47.85,9.34
2015-10-27 00:00:00,38.7,46.81,47.75,9.29
2015-10-28 00:00:00,38.75,49.05,47.76,9.25
2015-10-29 00:00:00,38.8,48.8,48.37,9.37
2015-10-30 00:00:00,37.6,49.56,48.15,9.33
2015-11-02 00:00:00,36.85,48.79,48.35,9.29
2015-11-03 00:00:00,36.75,50.54,48.9,9.14
2015-11-04 00:00:00,37.35,48.58,48.2,9.09
2015-11-05 00:00:00,35.2,47.98,47.9,9.15
2015-11-06 00:00:00,35.25,47.42,47.8,9.09
2015-11-09 00:00:00,34.5,47.19,47.15,9.01
2015-11-10 00:00:00,34.1,47.44,47.01,9.13
2015-11-11 00:00:00,33.1,45.81,46.78,9.13
2015-11-12 00:00:00,33.75,44.06,46.33,9.05
2015-11-13 00:00:00,33.5,43.61,46.61,9.08
2015-11-16 00:00:00,35.25,44.56,46.7,9.21
2015-11-17 00:00:00,36.75,43.57,47.4,9.3
2015-11-18 00:00:00,37,44.14,47.5,9.27
2015-11-19 00:00:00,36.35,44.18,47.78,9.32
2015-11-20 00:00:00,36.15,44.66,47.28,9.2
2015-11-23 00:00:00,37.55,44.83,46.89,9.25
2015-11-24 00:00:00,37.3,46.12,47.23,9.34
2015-11-25 00:00:00,37.175,46.17,47.21,9.32
2015-11-26 00:00:00,38.25,45.46,47.36,9.27
2015-11-27 00:00:00,37,44.86,47.53,9.26
2015-11-30 00:00:00,38.45,44.61,47.5,9.26
2015-12-01 00:00:00,38.75,44.44,47.06,9.24
2015-12-02 00:00:00,38.4,42.49,46.15,9.17
2015-12-03 00:00:00,37.6,43.84,46.36,9.29
2015-12-04 00:00:00,38,43,46.25,9.22
2015-12-07 00:00:00,36.1,40.73,45.75,9.1
2015-12-08 00:00:00,37.15,40.26,46.06,9.11
2015-12-09 00:00:00,36.25,40.11,45.9,9.09
2015-12-10 00:00:00,36.5,39.73,45.65,9.04
2015-12-11 00:00:00,36.55,37.93,44.84,8.75
2015-12-14 00:00:00,35.4,37.92,45.05,8.76
2015-12-15 00:00:00,34.575,38.45,45.15,8.88
2015-12-16 00:00:00,34.35,37.19,45.23,8.82
2015-12-17 00:00:00,32.35,37.06,44.9,8.75
2015-12-18 00:00:00,31.65,36.88,44.67,8.74
2015-12-21 00:00:00,32.3,36.35,44.49,8.87
2015-12-22 00:00:00,31.8,36.11,44.02,8.93
2015-12-23 00:00:00,31.25,37.36,44.8,8.89
2015-12-24 00:00:00,30.4,37.89,44.88,8.87
2015-12-25 00:00:00,30.4,37.89,44.88,8.87
2015-12-28 00:00:00,30.4,36.62,44.88,8.99
2015-12-29 00:00:00,33,37.79,45.25,8.94
2015-12-30 00:00:00,33.2,36.46,45.33,8.88
2015-12-31 00:00:00,32.4,37.28,45,8.89
2016-01-01 00:00:00,32.4,37.28,45,8.89
2016-01-04 00:00:00,32.85,37.22,41.46,8.71
2016-01-05 00:00:00,33.1,36.42,41.65,8.66
2016-01-06 00:00:00,34.6,34.23,41.81,8.4
2016-01-07 00:00:00,34.55,33.75,41.36,8.19
2016-01-08 00:00:00,34,33.55,40.83,8.04
2016-01-11 00:00:00,34.05,31.55,40.4,7.75
2016-01-12 00:00:00,31.8,30.86,39.69,7.74
2016-01-13 00:00:00,33.5,30.31,39.46,7.88
2016-01-14 00:00:00,32.5,31.03,39.25,7.71
2016-01-15 00:00:00,31.75,28.94,38.55,7.31
2016-01-18 00:00:00,32,28.55,38.75,7.35
2016-01-19 00:00:00,32.5,28.76,39.09,7.45
2016-01-20 00:00:00,31.25,27.88,38.58,6.93
2016-01-21 00:00:00,30,29.25,39.19,6.78
2016-01-22 00:00:00,31.2,32.18,40.2,6.92
2016-01-25 00:00:00,29.3,30.5,39.49,6.45
2016-01-26 00:00:00,29.5,31.8,40.08,6.64
2016-01-27 00:00:00,30.35,33.1,40.89,6.47
2016-01-28 00:00:00,31.1,33.89,40.79,6.63
2016-01-29 00:00:00,30.8,34.74,40.64,6.6
2016-02-01 00:00:00,29.65,34.24,40.09,6.21
2016-02-02 00:00:00,29.65,32.72,40.76,6.33
2016-02-03 00:00:00,29.7,35.04,41,6.13
2016-02-04 00:00:00,29,34.46,40.63,6.11
2016-02-05 00:00:00,28.9,34.06,40.49,6.01
2016-02-08 00:00:00,29.4,32.88,40.43,5.68
2016-02-09 00:00:00,29,30.32,39.3,5.34
2016-02-10 00:00:00,29.1,30.84,39.45,5.26
2016-02-11 00:00:00,29.25,30.06,39.19,5.1
2016-02-12 00:00:00,29.65,33.36,39.71,5.42
2016-02-15 00:00:00,30.2,33.39,39.45,5.16
2016-02-16 00:00:00,29.75,32.18,39.04,5.04
2016-02-17 00:00:00,30.35,34.5,40.13,5.44
2016-02-18 00:00:00,29.525,34.28,40.7,5.6
2016-02-19 00:00:00,28.9,33.01,40.96,5.51
2016-02-22 00:00:00,30.2,34.69,41.95,5.76
2016-02-23 00:00:00,31,33.27,41.29,5.23
2016-02-24 00:00:00,30.55,34.41,41.51,5.19
2016-02-25 00:00:00,30.1,35.29,41.56,5.4
2016-02-26 00:00:00,30.3,35.1,41.4,5.32
2016-02-29 00:00:00,31.1,35.97,41.46,5.32
2016-03-01 00:00:00,30.5,36.81,41.71,5.31
2016-03-02 00:00:00,30.5,36.93,41.5,5.28
2016-03-03 00:00:00,31,37.07,42.73,5.2
2016-03-04 00:00:00,30.25,38.72,43.2,5.22
2016-03-07 00:00:00,29.9,40.84,44.38,5.4
2016-03-08 00:00:00,30.35,39.65,43.98,5.34
2016-03-09 00:00:00,30.05,41.07,45.35,5.39
2016-03-10 00:00:00,30.6,40.05,45.79,5.22
2016-03-11 00:00:00,28.8,40.39,45.58,5.31
2016-03-14 00:00:00,29.25,39.53,45.14,5.19
2016-03-15 00:00:00,30.25,38.74,44.38,5.16
2016-03-16 00:00:00,30.3,40.33,44.48,5.26
2016-03-17 00:00:00,30.15,41.54,45.2,5.3
2016-03-18 00:00:00,30.35,41.2,45.9,5.24
2016-03-21 00:00:00,28.7,41.54,45.86,5.17
2016-03-22 00:00:00,28.45,41.79,45.25,5.12
2016-03-23 00:00:00,29.15,40.47,45.4,5.1
2016-03-24 00:00:00,30.05,40.44,45.84,5.15
2016-03-25 00:00:00,30.05,40.44,45.84,5.15
2016-03-28 00:00:00,30.05,40.27,45.84,5.15
2016-03-29 00:00:00,28.25,39.14,45.65,5.08
2016-03-30 00:00:00,28.8,39.26,46.36,5.26
2016-03-31 00:00:00,28.6,39.6,46.83,5.51
2016-04-01 00:00:00,28.6,38.67,46.01,5.49
2016-04-04 00:00:00,27.5,37.69,45.74,5.62
2016-04-05 00:00:00,26.9,37.87,45.71,5.53
2016-04-06 00:00:00,27.45,39.84,45.59,5.6
2016-04-07 00:00:00,27.7,39.43,44.38,5.57
2016-04-08 00:00:00,27.45,41.94,45.11,5.72
2016-04-11 00:00:00,27.1,42.83,45.58,5.88
2016-04-12 00:00:00,27.9,44.69,45.71,5.9
2016-04-13 00:00:00,28.35,44.18,46.35,5.84
2016-04-14 00:00:00,28.75,43.84,47.55,5.91
2016-04-15 00:00:00,29,43.1,47.89,5.77
2016-04-18 00:00:00,29.5,42.91,48.56,5.77
2016-04-19 00:00:00,28.75,44.03,49.06,5.87
2016-04-20 00:00:00,28.1,45.8,49.25,5.83
2016-04-21 00:00:00,30.4,44.53,49.98,6.04
2016-04-22 00:00:00,31.5,45.11,49.71,6.26
2016-04-25 00:00:00,31.2,44.48,49.58,6.2
2016-04-26 00:00:00,36,45.74,50.35,6.92
2016-04-27 00:00:00,34.2,47.18,50.4,7.14
2016-04-28 00:00:00,31.7,48.14,50.64,6.64
2016-04-29 00:00:00,32.1,48.13,51.1,6.48
2016-05-02 00:00:00,32.1,45.83,51.1,6.42
2016-05-03 00:00:00,28.9,44.97,50.78,6.29
2016-05-04 00:00:00,28.3,44.62,50.63,6.43
2016-05-05 00:00:00,29.6,45.01,50.8,6.49
2016-05-06 00:00:00,29.85,45.37,50.41,6.15
2016-05-09 00:00:00,30.75,43.63,50.1,6
2016-05-10 00:00:00,29.9,45.52,50.26,6.2
2016-05-11 00:00:00,30.8,47.6,50.91,6.32
2016-05-12 00:00:00,30.25,48.08,51.01,6.09
2016-05-13 00:00:00,29.65,47.83,51.06,6.15
2016-05-16 00:00:00,30,48.97,52.1,6.4
2016-05-17 00:00:00,30.825,49.28,52.34,6.34
2016-05-18 00:00:00,30.25,48.93,52.49,6.35
2016-05-19 00:00:00,29.65,48.81,52.08,6.29
2016-05-20 00:00:00,30.15,48.72,51.9,6.26
2016-05-23 00:00:00,29.75,48.35,52.03,6.03
2016-05-24 00:00:00,30.15,48.61,52.16,6.09
2016-05-25 00:00:00,29.55,49.74,52.88,6.16
2016-05-26 00:00:00,32.1,49.59,53.4,6.32
2016-05-27 00:00:00,33,49.32,53.88,6.34
2016-05-30 00:00:00,33,49.76,53.88,6.42
2016-05-31 00:00:00,33.6,49.69,54.5,6.4
2016-06-01 00:00:00,34.6,49.72,55.14,6.27
2016-06-02 00:00:00,34.95,50.04,56.51,6.32
2016-06-03 00:00:00,35.3,49.64,57.7,6.24
2016-06-06 00:00:00,36.05,50.55,59.29,6.5
2016-06-07 00:00:00,34.9,51.44,58.68,6.4
2016-06-08 00:00:00,33.8,52.51,57.53,6.38
2016-06-09 00:00:00,35.15,51.95,57.25,6.39
2016-06-10 00:00:00,36,50.54,56.46,6.24
2016-06-13 00:00:00,32.4,50.35,56.48,6.14
2016-06-14 00:00:00,33.5,49.83,56.95,6.14
2016-06-15 00:00:00,33.6,48.97,57.65,6.19
2016-06-16 00:00:00,34.15,47.19,58.33,5.99
2016-06-17 00:00:00,33.75,49.17,59.85,5.95
2016-06-20 00:00:00,34.9,50.65,62.55,6.13
2016-06-21 00:00:00,34.15,50.62,59.75,5.83
2016-06-22 00:00:00,33.9,49.88,61.63,5.97
2016-06-23 00:00:00,34,50.91,60.89,5.92
2016-06-24 00:00:00,35.5,48.41,58.94,5.23
2016-06-27 00:00:00,34.05,47.16,57.93,5.04
2016-06-28 00:00:00,33.25,48.58,58.24,4.97
2016-06-29 00:00:00,35,50.61,58.76,4.78
2016-06-30 00:00:00,33.65,49.68,59.6,4.73
2016-07-01 00:00:00,33.35,50.35,60.76,4.88
2016-07-04 00:00:00,34.5,50.1,61.71,5.22
2016-07-05 00:00:00,34.45,47.96,61.28,4.97
2016-07-06 00:00:00,34.2,48.8,60.83,4.83
2016-07-07 00:00:00,34.05,46.4,61.71,4.82
2016-07-08 00:00:00,32.9,46.76,60.75,4.79
2016-07-11 00:00:00,33.2,46.25,60.31,4.67
2016-07-12 00:00:00,34,48.47,62.36,4.87
2016-07-13 00:00:00,33.3,46.26,62.96,5.03
2016-07-14 00:00:00,33.05,47.37,63.26,5.02
2016-07-15 00:00:00,32.75,47.61,64.19,5.17
2016-07-18 00:00:00,33.95,46.96,63.71,5.09
2016-07-19 00:00:00,34,46.66,62.91,4.91
2016-07-20 00:00:00,35,47.17,62.53,4.92
2016-07-21 00:00:00,35.6,46.2,62.36,4.89
2016-07-22 00:00:00,35.85,45.69,62.2,4.8
2016-07-25 00:00:00,37,44.72,62.78,4.84
2016-07-26 00:00:00,36.6,44.87,63.61,4.75
2016-07-27 00:00:00,36.1,43.47,64.83,4.77
2016-07-28 00:00:00,35.4,42.7,65.25,4.72
2016-07-29 00:00:00,34.3,42.46,65.49,4.66
2016-08-01 00:00:00,34.2,42.14,65.33,4.61
2016-08-02 00:00:00,33.6,41.8,64.78,4.65
2016-08-03 00:00:00,32.85,43.1,64.09,4.87
2016-08-04 00:00:00,34.15,44.29,62.01,4.92
2016-08-05 00:00:00,33.45,44.27,59.91,4.95
2016-08-08 00:00:00,33.2,45.39,62.93,5.18
2016-08-09 00:00:00,33.25,44.98,63.24,5.11
2016-08-10 00:00:00,32.4,44.05,61.75,5
2016-08-11 00:00:00,32.5,46.04,63.13,5.11
2016-08-12 00:00:00,31.25,46.97,64.41,5.13
2016-08-15 00:00:00,28,48.35,63.83,5.02
2016-08-16 00:00:00,29.6,49.23,63.66,4.91
2016-08-17 00:00:00,29.05,49.85,63.56,4.71
2016-08-18 00:00:00,29.75,50.89,62.11,4.92
2016-08-19 00:00:00,27.3,50.88,61.03,5
2016-08-22 00:00:00,28.5,49.16,61.18,5.13
2016-08-23 00:00:00,30.1,49.96,61.84,4.94
2016-08-24 00:00:00,28.3,49.05,61.23,4.82
2016-08-25 00:00:00,28.25,49.67,61.39,4.92
2016-08-26 00:00:00,28,49.92,61.7,4.9
2016-08-29 00:00:00,28,49.26,61.7,4.9
2016-08-30 00:00:00,26,48.37,62.7,4.75
2016-08-31 00:00:00,21.75,47.04,62.18,4.67
2016-09-01 00:00:00,22.2,45.45,62.2,4.59
2016-09-02 00:00:00,26,46.83,62.73,4.29
2016-09-05 00:00:00,28.6,47.63,63.08,4.12
2016-09-06 00:00:00,27.85,47.26,63.39,4.33
2016-09-07 00:00:00,24.2,47.98,61.59,4.21
2016-09-08 00:00:00,24.35,49.99,60.85,4.28
2016-09-09 00:00:00,24,48.01,60.84,4.28
2016-09-12 00:00:00,21.25,48.32,60.89,4.23
2016-09-13 00:00:00,22.1,47.1,61.43,4.23
2016-09-14 00:00:00,20.9,45.85,61.76,4.18
2016-09-15 00:00:00,26,46.59,62.26,4.34
2016-09-16 00:00:00,28,45.77,62.18,4.56
2016-09-19 00:00:00,32.5,45.95,62.73,4.6
2016-09-20 00:00:00,30.25,45.88,62.78,4.36
2016-09-21 00:00:00,33,46.83,64.05,4.41
2016-09-22 00:00:00,34.8,47.65,63.96,4.62
2016-09-23 00:00:00,34,45.89,64.35,4.74
2016-09-26 00:00:00,34,47.35,65.19,4.82
2016-09-27 00:00:00,33.5,45.97,64.75,4.62
2016-09-28 00:00:00,34.25,48.69,67.45,5.14
2016-09-29 00:00:00,36,49.24,68.25,5.22
2016-09-30 00:00:00,35,49.06,66.69,5.15
2016-10-03 00:00:00,26.5,50.89,69.08,5.5
2016-10-04 00:00:00,33,50.87,68.95,5.41
2016-10-05 00:00:00,36.5,51.86,69.71,5.68
2016-10-06 00:00:00,37.25,52.51,71.25,6.07
2016-10-07 00:00:00,41.5,51.93,69.72,5.89
2016-10-10 00:00:00,40,53.14,68.14,5.87
2016-10-11 00:00:00,43,52.41,66.88,5.64
2016-10-12 00:00:00,42.1,51.81,68.87,5.72
2016-10-13 00:00:00,41.725,52.03,69.93,5.85
2016-10-14 00:00:00,42.85,51.95,71.61,6.01
2016-10-17 00:00:00,41.25,51.52,73.71,6.07
2016-10-18 00:00:00,44.1,51.68,76.65,6.15
2016-10-19 00:00:00,45.4,52.67,73.06,5.87
2016-10-20 00:00:00,47,51.38,72.06,5.77
2016-10-21 00:00:00,45.8,51.78,74.2,6.08
2016-10-24 00:00:00,46.9,51.46,74.51,6
2016-10-25 00:00:00,48,50.79,74.99,6
2016-10-26 00:00:00,46.2,49.98,76.17,6.12
2016-10-27 00:00:00,45.9,50.47,75.67,5.99
2016-10-28 00:00:00,44.15,49.71,75.79,6.07
2016-10-31 00:00:00,46.75,48.3,78.5,6.09
2016-11-01 00:00:00,49.4,48.14,81.16,6.22
2016-11-02 00:00:00,53,46.86,79.8,6.43
2016-11-03 00:00:00,51.5,46.35,81.75,6.69
2016-11-04 00:00:00,46,45.58,83.81,6.6
2016-11-07 00:00:00,49.625,46.15,85.45,6.43
2016-11-08 00:00:00,48.25,46.04,84.09,6.35
2016-11-09 00:00:00,49,46.36,83.98,6.33
2016-11-10 00:00:00,47.55,45.84,82.53,6.12
2016-11-11 00:00:00,47.25,44.75,80.42,5.87
2016-11-14 00:00:00,46.2,44.43,74.99,5.6
2016-11-15 00:00:00,45.05,46.95,74.54,5.93
2016-11-16 00:00:00,46.35,46.63,70.94,5.74
2016-11-17 00:00:00,45.35,46.49,69.8,6.09
2016-11-18 00:00:00,47.6,46.86,67.8,5.77
2016-11-21 00:00:00,44.6,48.9,69.35,5.68
2016-11-22 00:00:00,45.5,49.12,72.63,5.7
2016-11-23 00:00:00,46.85,48.95,69.53,5.57
2016-11-24 00:00:00,47.1,49,71.38,5.53
2016-11-25 00:00:00,48,47.24,70.63,5.19
2016-11-28 00:00:00,48.65,48.24,71.59,4.91
2016-11-29 00:00:00,49.55,46.38,71.11,4.73
2016-11-30 00:00:00,50.15,50.47,71.55,4.74
2016-12-01 00:00:00,49.55,53.94,71.73,4.62
2016-12-02 00:00:00,47,54.46,70.56,4.46
2016-12-05 00:00:00,46.5,54.94,69.56,4.54
2016-12-06 00:00:00,43,53.93,66.45,4.66
2016-12-07 00:00:00,43,53,66,4.46
2016-12-08 00:00:00,42.7,53.89,68.48,4.79
2016-12-09 00:00:00,43.5,54.33,69.23,4.61
2016-12-12 00:00:00,44.95,55.69,70.51,5.05
2016-12-13 00:00:00,44.6,55.72,70.4,4.97
2016-12-14 00:00:00,44.05,53.9,71.6,5.2
2016-12-15 00:00:00,44.35,54.02,72.83,5.02
2016-12-16 00:00:00,45.5,55.21,73.21,5.11
2016-12-19 00:00:00,45.75,54.92,73.2,5.27
2016-12-20 00:00:00,45.4,55.35,74.3,5.42
2016-12-21 00:00:00,45.85,54.46,74.98,5.99
2016-12-22 00:00:00,47,55.05,75.43,6.26
2016-12-23 00:00:00,47.55,55.16,75.6,6.4
2016-12-26 00:00:00,47.55,55.16,75.6,6.4
2016-12-27 00:00:00,47.55,56.09,75.6,6.5
2016-12-28 00:00:00,51.25,56.22,76.05,6.5
2016-12-29 00:00:00,51.55,56.14,76.5,6.53
2016-12-30 00:00:00,52.9,56.82,77.01,6.74
2017-01-02 00:00:00,52.9,56.82,71.15,6.31
2017-01-03 00:00:00,48.85,55.47,68.05,5.61
2017-01-04 00:00:00,50.5,56.46,68.5,5.9
2017-01-05 00:00:00,50.475,56.89,69.9,5.47
2017-01-06 00:00:00,49.3,57.1,68.8,5.22
2017-01-09 00:00:00,50.25,54.94,67.85,5.45
2017-01-10 00:00:00,53.65,53.64,69.55,5.69
2017-01-11 00:00:00,54.2,55.1,72.76,5.69
2017-01-12 00:00:00,55.1,56.01,73.5,5.22
2017-01-13 00:00:00,55,55.45,72.75,5.22
2017-01-16 00:00:00,52.4,55.86,72.75,4.86
2017-01-17 00:00:00,52.95,55.47,76.81,5.16
2017-01-18 00:00:00,53.5,53.92,74.9,5
2017-01-19 00:00:00,54,54.16,73.15,5.35
2017-01-20 00:00:00,56,55.49,73.4,5.58
2017-01-23 00:00:00,57.5,55.23,75.15,5.48
2017-01-24 00:00:00,57,55.44,73.9,5.24
2017-01-25 00:00:00,53.15,55.08,71.9,5.13
2017-01-26 00:00:00,53.6,56.24,71.65,5.35
2017-01-27 00:00:00,52.75,55.52,70.9,5.08
2017-01-30 00:00:00,55.5,55.23,71.9,5.34
2017-01-31 00:00:00,56.1,55.7,73.8,5.53
2017-02-01 00:00:00,57.5,56.8,73.64,5.45
2017-02-02 00:00:00,57.2,56.56,74.75,5.4
2017-02-03 00:00:00,59.75,56.81,73.8,5.33
2017-02-06 00:00:00,59.75,55.72,72.7,5.27
2017-02-07 00:00:00,57.8,55.05,73.25,5.34
2017-02-08 00:00:00,54.3,55.12,72.3,5.39
2017-02-09 00:00:00,55,55.63,72.95,5.46
2017-02-10 00:00:00,52.2,56.7,72.26,5.29
2017-02-13 00:00:00,49.6,55.59,71.56,5.08
2017-02-14 00:00:00,48.4,55.97,70.3,5.32
2017-02-15 00:00:00,49,55.75,73.01,5.26
2017-02-16 00:00:00,49.9,55.65,73.36,5.12
2017-02-17 00:00:00,47.8,55.81,73.55,5.15
2017-02-20 00:00:00,45.75,56.18,75.1,5.27
2017-02-21 00:00:00,45.525,56.66,74.71,5.23
2017-02-22 00:00:00,45.15,55.84,74.45,5.25
2017-02-23 00:00:00,47.2,56.58,74.99,5.54
2017-02-24 00:00:00,46.1,55.99,74.75,5.57
2017-02-27 00:00:00,45.1,55.93,74,5.37
2017-02-28 00:00:00,44.6,55.59,73.3,5.41
2017-03-01 00:00:00,44.5,56.36,74.4,6.1
2017-03-02 00:00:00,43.4,55.08,73.71,5.65
2017-03-03 00:00:00,42.8,55.9,72.99,5.78
2017-03-06 00:00:00,43.25,56.01,73.03,5.67
2017-03-07 00:00:00,43.1,55.92,70.98,5.56
2017-03-08 00:00:00,42.4,53.11,70.76,5.42
2017-03-09 00:00:00,41.9,52.19,69.61,5.3
2017-03-10 00:00:00,41.75,51.37,70.5,5.35
2017-03-13 00:00:00,40.35,51.35,67.8,5.34
2017-03-14 00:00:00,41.5,50.92,67.55,5.29
2017-03-15 00:00:00,41.375,51.81,67.2,5.38
2017-03-16 00:00:00,40.3,51.74,66.7,5.33
2017-03-17 00:00:00,40.75,51.76,66.9,5.32
2017-03-20 00:00:00,40.65,51.62,66.85,5.17
2017-03-21 00:00:00,40.7,50.96,65.5,5.12
2017-03-22 00:00:00,40.3,50.64,65.05,5.15
2017-03-23 00:00:00,39.6,50.56,66.45,5.16
2017-03-24 00:00:00,39,50.8,70.4,4.95
2017-03-27 00:00:00,38.1,50.75,68.95,4.81
2017-03-28 00:00:00,39,51.33,70.8,4.92
2017-03-29 00:00:00,39.5,52.42,71.13,4.95
2017-03-30 00:00:00,39.95,52.96,71.06,5.11
2017-03-31 00:00:00,38.5,52.83,71.36,4.88
2017-04-03 00:00:00,40.3,53.12,73.56,5.05
2017-04-04 00:00:00,40.9,54.17,72.29,4.82
2017-04-05 00:00:00,40.85,54.36,73.01,5
2017-04-06 00:00:00,40.55,54.89,73.24,5.25
2017-04-07 00:00:00,40.05,55.24,72.3,5.07
2017-04-10 00:00:00,38.25,55.98,70.25,4.97
2017-04-11 00:00:00,38,56.23,69.85,5.06
2017-04-12 00:00:00,38.15,55.86,70.05,5.13
2017-04-13 00:00:00,38.55,55.89,70.7,5.14
2017-04-14 00:00:00,38.55,55.89,70.7,5.14
2017-04-17 00:00:00,38.55,55.36,70.7,5.14
2017-04-18 00:00:00,39.2,54.89,70.9,5.06
2017-04-19 00:00:00,39.4,52.93,71.05,5.04
2017-04-20 00:00:00,39.3,52.99,71.63,4.94
2017-04-21 00:00:00,40.2,51.96,71.43,4.76
2017-04-24 00:00:00,40.2,51.6,70.3,4.84
2017-04-25 00:00:00,40.7,52.1,69.9,4.69
2017-04-26 00:00:00,42,51.82,70.45,4.8
2017-04-27 00:00:00,42,51.44,71.05,4.75
2017-04-28 00:00:00,41.3,51.73,71.34,4.76
2017-05-01 00:00:00,41.3,51.52,71.34,4.76
2017-05-02 00:00:00,43.9,50.46,71.89,4.63
2017-05-03 00:00:00,41.8,50.79,70.63,4.59
2017-05-04 00:00:00,41,48.38,69.78,4.69
2017-05-05 00:00:00,40.2,49.1,69.98,4.76
2017-05-08 00:00:00,39.8,49.34,68.4,4.61
2017-05-09 00:00:00,41,48.73,68.2,4.71
2017-05-10 00:00:00,40,50.22,68.56,4.64
2017-05-11 00:00:00,39.25,50.77,67.45,4.54
2017-05-12 00:00:00,40.5,50.84,67.91,4.65
2017-05-15 00:00:00,39.65,51.82,67.94,4.58
2017-05-16 00:00:00,41,51.65,68.65,4.73
2017-05-17 00:00:00,41.1,52.21,69.88,4.77
2017-05-18 00:00:00,40.6,52.51,69.76,4.95
2017-05-19 00:00:00,40.4,53.61,69.73,5.04
2017-05-22 00:00:00,37.25,53.87,71.04,5.11
2017-05-23 00:00:00,37,54.15,70.83,4.95
2017-05-24 00:00:00,36.9,53.96,69.95,5.12
2017-05-25 00:00:00,36.55,51.46,69.49,5.19
2017-05-26 00:00:00,36.5,52.15,69.4,5.4
2017-05-29 00:00:00,36.5,52.29,69.4,5.39
2017-05-30 00:00:00,38.4,51.84,70.35,5.35
2017-05-31 00:00:00,36.9,50.31,69.7,5.17
2017-06-01 00:00:00,36.45,50.63,70.6,5.27
2017-06-02 00:00:00,36.75,49.95,71.2,5.36
2017-06-05 00:00:00,36.5,49.47,72.14,5.37
2017-06-06 00:00:00,35.9,50.12,71.79,5.17
2017-06-07 00:00:00,36.9,48.06,72.78,5.08
2017-06-08 00:00:00,37.5,47.86,73.56,5.25
2017-06-09 00:00:00,37.8,48.15,73.42,5.24
2017-06-12 00:00:00,35.3,48.29,72.4,5.12
2017-06-13 00:00:00,33,48.72,71.74,5.22
2017-06-14 00:00:00,28.1,47,71.26,5.14
2017-06-15 00:00:00,25.5,46.92,72.14,5.15
2017-06-16 00:00:00,31,47.37,72,5.08
2017-06-19 00:00:00,32.7,46.91,72.55,5.13
2017-06-20 00:00:00,34.8,46.02,72.03,5.17
2017-06-21 00:00:00,36,44.82,71.78,5.08
2017-06-22 00:00:00,37.5,45.22,71.75,5.07
2017-06-23 00:00:00,35,45.54,71.05,5.07
2017-06-26 00:00:00,37,45.83,71.16,4.98
2017-06-27 00:00:00,37.6,46.65,72.33,5.15
2017-06-28 00:00:00,38.45,47.31,73.12,5.15
2017-06-29 00:00:00,37,47.42,72.21,5.28
2017-06-30 00:00:00,36.45,47.92,71.65,5.24
2017-07-03 00:00:00,38.8,49.68,72.95,5.35
2017-07-04 00:00:00,37.3,49.61,73.77,5.33
2017-07-05 00:00:00,38.05,47.79,74.55,5.25
2017-07-06 00:00:00,37.85,48.11,74.97,5.45
2017-07-07 00:00:00,36.45,46.71,74.83,5.56
2017-07-10 00:00:00,35.75,46.88,74.05,5.62
2017-07-11 00:00:00,34.5,47.52,74.22,5.55
2017-07-12 00:00:00,35.75,47.74,73.6,5.7
2017-07-13 00:00:00,33.5,48.42,72.99,5.58
2017-07-14 00:00:00,33.4,48.91,73.28,5.64
2017-07-17 00:00:00,36.4,48.42,74.23,5.64
2017-07-18 00:00:00,35.25,48.84,76.62,5.67
2017-07-19 00:00:00,34.45,49.7,76.01,5.59
2017-07-20 00:00:00,37.75,49.3,76.26,5.5
2017-07-21 00:00:00,36.5,48.06,76.48,5.29
2017-07-24 00:00:00,36.95,48.6,75.15,5.33
2017-07-25 00:00:00,36.7,50.2,75.89,5.36
2017-07-26 00:00:00,38.3,50.97,74.97,5.45
2017-07-27 00:00:00,38.5,51.49,75.3,5.34
2017-07-28 00:00:00,38.65,52.52,76.95,5.38
2017-07-31 00:00:00,39.25,52.65,78.63,5.42
2017-08-01 00:00:00,38.25,51.78,77.4,5.49
2017-08-02 00:00:00,38.2,52.36,76.94,5.62
2017-08-03 00:00:00,39,52.01,77.46,5.63
2017-08-04 00:00:00,40.1,52.42,77.95,5.55
2017-08-07 00:00:00,42,52.37,78.2,5.46
2017-08-08 00:00:00,41.2,52.14,76.95,5.46
2017-08-09 00:00:00,42.75,52.7,78.02,5.56
2017-08-10 00:00:00,42.4,51.9,78.73,5.56
2017-08-11 00:00:00,43.7,52.1,79.45,5.59
2017-08-14 00:00:00,42.05,50.73,79.5,5.72
2017-08-15 00:00:00,41.6,50.8,78.67,5.73
2017-08-16 00:00:00,43,50.27,80.14,5.99
2017-08-17 00:00:00,42.8,51.03,80.85,6.01
2017-08-18 00:00:00,43.5,52.72,80.93,6.01
2017-08-21 00:00:00,44.75,51.66,80.78,5.94
2017-08-22 00:00:00,44.5,51.87,80.19,5.97
2017-08-23 00:00:00,45.2,52.57,80.53,6.14
2017-08-24 00:00:00,44.85,52.04,80.86,6.15
2017-08-25 00:00:00,44.3,52.41,81.03,6.29
2017-08-28 00:00:00,44.3,51.89,81.16,6.3
2017-08-29 00:00:00,45.6,52,81.39,6.24
2017-08-30 00:00:00,46.1,50.86,81.11,6.22
2017-08-31 00:00:00,45,52.38,80.03,6.14
2017-09-01 00:00:00,45.15,52.75,80.55,6.03
2017-09-04 00:00:00,45.15,52.34,81.6,6.11
2017-09-05 00:00:00,45.8,53.38,82.67,6.7
2017-09-06 00:00:00,45.85,54.2,82.35,6.89
2017-09-07 00:00:00,45.9,54.49,82.65,7.1
2017-09-08 00:00:00,45.85,53.78,83.58,7.26
2017-09-11 00:00:00,46.45,53.84,84.18,7.07
2017-09-12 00:00:00,47.1,54.27,83.82,7.06
2017-09-13 00:00:00,47.8,55.16,85.5,7.3
2017-09-14 00:00:00,47.25,55.47,86.37,7.3
2017-09-15 00:00:00,46.1,55.62,85.38,7.14
2017-09-18 00:00:00,50,55.48,84.62,6.92
2017-09-19 00:00:00,47,55.14,86.26,7.22
2017-09-20 00:00:00,45.5,56.29,86.4,7.1
2017-09-21 00:00:00,48.2,56.43,84.33,6.75
2017-09-22 00:00:00,43.65,56.86,84.54,6.84
2017-09-25 00:00:00,47.2,59.02,85.93,7.48
2017-09-26 00:00:00,46.15,58.44,84.39,7.18
2017-09-27 00:00:00,46.5,57.9,84.1,7.13
2017-09-28 00:00:00,47.025,57.41,82.32,7.15
2017-09-29 00:00:00,43.85,57.54,80.29,7.26
2017-10-02 00:00:00,44.35,56.12,81.21,7.13
2017-10-03 00:00:00,46.4,56,82.15,7.19
2017-10-04 00:00:00,47,55.8,83.29,7.11
2017-10-05 00:00:00,47.3,57,83.33,7.09
2017-10-06 00:00:00,47.75,55.62,82.04,7.19
2017-10-09 00:00:00,48.5,55.79,82.09,7.15
2017-10-10 00:00:00,45,56.61,83.51,7.59
2017-10-11 00:00:00,44.25,56.94,84.96,7.58
2017-10-12 00:00:00,42.95,56.25,85.65,7.61
2017-10-13 00:00:00,43.95,57.17,86.18,7.52
2017-10-16 00:00:00,42,57.82,87.45,7.55
2017-10-17 00:00:00,44,57.88,87.09,7.61
2017-10-18 00:00:00,45.95,58.15,88.1,8.01
2017-10-19 00:00:00,43.8,57.23,85.99,7.85
2017-10-20 00:00:00,44.525,57.75,85.97,7.77
2017-10-23 00:00:00,45.1,57.37,85.55,7.64
2017-10-24 00:00:00,45.15,58.33,86.73,7.68
2017-10-25 00:00:00,44.75,58.44,86.8,7.61
2017-10-26 00:00:00,46.25,59.3,87.23,7.41
2017-10-27 00:00:00,43.95,60.44,88.24,7.38
2017-10-30 00:00:00,47,60.9,88.04,7.35
2017-10-31 00:00:00,48.1,61.37,89.64,7.57
2017-11-01 00:00:00,47.8,60.49,90.07,7.71
2017-11-02 00:00:00,48.2,60.62,89.44,7.86
2017-11-03 00:00:00,48,62.07,87.98,8.08
2017-11-06 00:00:00,50.9,64.27,88.88,8.12
2017-11-07 00:00:00,50.4,63.69,88.7,7.97
2017-11-08 00:00:00,51.4,63.49,88.25,7.93
2017-11-09 00:00:00,51.8,63.93,87.7,7.76
2017-11-10 00:00:00,52,63.52,88.87,7.61
2017-11-13 00:00:00,54.475,63.16,88.68,7.56
2017-11-14 00:00:00,52.9,62.21,86.84,7.6
2017-11-15 00:00:00,51.05,61.87,86.96,7.9
2017-11-16 00:00:00,51.7,61.36,85.43,7.7
2017-11-17 00:00:00,51.85,62.72,84.45,7.68
2017-11-20 00:00:00,53.25,62.22,85.88,7.65
2017-11-21 00:00:00,52.6,62.57,85.83,7.6
2017-11-22 00:00:00,53.4,63.32,85.15,7.58
2017-11-23 00:00:00,55.25,63.55,86.38,7.87
2017-11-24 00:00:00,56.5,63.86,87.59,7.96
2017-11-27 00:00:00,55.6,63.84,88.02,7.9
2017-11-28 00:00:00,57.25,63.61,88.14,7.79
2017-11-29 00:00:00,57.25,63.11,88.82,7.89
2017-11-30 00:00:00,56.55,63.57,88.39,7.72
2017-12-01 00:00:00,58.1,63.73,88.25,7.88
2017-12-04 00:00:00,58.55,62.45,89.67,7.75
2017-12-05 00:00:00,57.5,62.86,89.22,7.62
2017-12-06 00:00:00,57.5,61.22,89.5,7.47
2017-12-07 00:00:00,59.1,62.2,90.04,7.54
2017-12-08 00:00:00,57.7,63.4,90.86,7.33
2017-12-11 00:00:00,68,64.69,92.54,7.39
2017-12-12 00:00:00,73,63.34,92.96,7.33
2017-12-13 00:00:00,69,62.44,91.7,7.27
2017-12-14 00:00:00,61.3,63.31,92.66,7.29
2017-12-15 00:00:00,59.85,63.23,92.68,7.38
2017-12-18 00:00:00,62.35,63.41,92.8,7.59
2017-12-19 00:00:00,59,63.8,92.09,7.7
2017-12-20 00:00:00,58.8,64.56,91.5,7.97
2017-12-21 00:00:00,58,64.9,91.54,8.18
2017-12-22 00:00:00,55.25,65.25,91.61,8.35
2017-12-25 00:00:00,55.25,67.02,91.61,8.35
2017-12-26 00:00:00,55.25,67.02,91.61,8.35
2017-12-27 00:00:00,55.4,66.44,91.58,8.33
2017-12-28 00:00:00,56.8,66.72,92.29,8.37
2017-12-29 00:00:00,53.15,66.87,92.5,8.35
2018-01-01 00:00:00,53.15,66.87,92.5,8.35
2018-01-02 00:00:00,52.65,66.57,89.6,7.97
2018-01-03 00:00:00,51.2,67.84,89.05,7.99
2018-01-04 00:00:00,52.75,68.07,89.28,7.93
2018-01-05 00:00:00,51.4,67.62,90.26,7.94
2018-01-08 00:00:00,53.3,67.78,90.31,7.82
2018-01-09 00:00:00,53.3,68.82,90.21,7.94
2018-01-10 00:00:00,52.45,69.2,89.73,8.03
2018-01-11 00:00:00,52.75,69.26,88.44,7.96
2018-01-12 00:00:00,53.35,69.87,89.03,8.01
2018-01-15 00:00:00,52.5,70.26,90.03,7.95
2018-01-16 00:00:00,50.75,69.15,89.22,8.2
2018-01-17 00:00:00,50.25,69.38,88.74,8.33
2018-01-18 00:00:00,50,69.31,89.05,8.64
2018-01-19 00:00:00,50.35,68.61,89.78,8.91
2018-01-22 00:00:00,49.5,69.03,89.08,8.9
2018-01-23 00:00:00,48.75,69.96,89.86,9.16
2018-01-24 00:00:00,47.2,70.53,89.87,9.61
2018-01-25 00:00:00,47.75,70.42,91.43,9.39
2018-01-26 00:00:00,47.5,70.52,91.52,9.24
2018-01-29 00:00:00,46.85,69.46,90.65,9.15
2018-01-30 00:00:00,47,69.02,88.89,9.03
2018-01-31 00:00:00,47.8,69.05,87.28,9.42
2018-02-01 00:00:00,49.7,69.65,86.13,9.42
2018-02-02 00:00:00,50.8,68.58,86.53,9.1
2018-02-05 00:00:00,49.5,67.62,86.66,9.21
2018-02-06 00:00:00,51,66.86,84.78,8.94
2018-02-07 00:00:00,52.25,65.51,85.3,9.14
2018-02-08 00:00:00,50.1,64.81,82.17,9.27
2018-02-09 00:00:00,49.8,62.79,81.08,9.37
2018-02-12 00:00:00,50.6,62.59,82.9,9.63
2018-02-13 00:00:00,52.5,62.72,84.07,10.05
2018-02-14 00:00:00,50.4,64.36,85.19,9.75
2018-02-15 00:00:00,48.3,64.33,84.7,9.69
2018-02-16 00:00:00,50.925,64.84,85.78,9.67
2018-02-19 00:00:00,54.2,65.67,87.78,10.03
2018-02-20 00:00:00,55.25,65.25,88.03,9.87
2018-02-21 00:00:00,57.25,65.42,86.85,9.71
2018-02-22 00:00:00,60.8,66.39,87.98,9.87
2018-02-23 00:00:00,62.8,67.31,87.71,9.96
2018-02-26 00:00:00,65,67.5,85.29,9.78
2018-02-27 00:00:00,81,66.63,85.1,10.3
2018-02-28 00:00:00,115,65.78,85.04,10.26
2018-03-01 00:00:00,250,63.83,84.58,10.15
2018-03-02 00:00:00,225,64.37,84.65,10.3
2018-03-05 00:00:00,52.5,65.54,85.62,10.52
2018-03-06 00:00:00,52.85,65.79,85.14,10.63
2018-03-07 00:00:00,51.6,64.34,84.13,10.8
2018-03-08 00:00:00,52.25,63.61,82.79,11.28
2018-03-09 00:00:00,53.65,65.49,83.08,11.28
2018-03-12 00:00:00,72,64.95,81.38,11.25
2018-03-13 00:00:00,66.5,64.64,81.78,11.57
2018-03-14 00:00:00,58,64.89,81.12,11.32
2018-03-15 00:00:00,65.25,65.12,80.77,11.33
2018-03-16 00:00:00,52.4,66.21,79.88,11.32
2018-03-19 00:00:00,54,66.05,78.65,11.21
2018-03-20 00:00:00,57.5,67.42,80.6,11.7
2018-03-21 00:00:00,55.5,69.47,80.03,12.82
2018-03-22 00:00:00,54.8,68.91,78.42,12.51
2018-03-23 00:00:00,51.5,70.45,78.46,12.78
2018-03-26 00:00:00,47.4,70.12,78.06,13.16
2018-03-27 00:00:00,50.5,70.11,79.03,13.86
2018-03-28 00:00:00,49.5,69.53,80.12,13.17
2018-03-29 00:00:00,51.25,70.27,81.55,13.46
2018-03-30 00:00:00,51.25,70.27,81.55,13.46
2018-04-02 00:00:00,51.25,67.64,81.55,13.46
2018-04-03 00:00:00,48.35,68.12,82.03,13.48
2018-04-04 00:00:00,49.4,68.02,82,13.25
2018-04-05 00:00:00,49.6,68.33,82.76,12.83
2018-04-06 00:00:00,48.6,67.11,83.35,13.18
2018-04-09 00:00:00,50.5,68.65,84.63,13.53
2018-04-10 00:00:00,50.5,71.04,85.33,13.58
2018-04-11 00:00:00,53.5,72.06,86.86,13.66
2018-04-12 00:00:00,54.8,72.02,86.67,13.86
2018-04-13 00:00:00,55.25,72.58,87.28,14.25
2018-04-16 00:00:00,51.5,71.42,87.88,14.33
2018-04-17 00:00:00,49.35,71.58,85.6,14.07
2018-04-18 00:00:00,48.75,73.48,86.96,14.23
2018-04-19 00:00:00,51,73.78,88.39,13.81
2018-04-20 00:00:00,51,74.06,88.62,13.38
2018-04-23 00:00:00,50.75,74.71,88.94,13.22
2018-04-24 00:00:00,50.75,73.86,88.55,13.57
2018-04-25 00:00:00,51.25,74,89.64,13.61
2018-04-26 00:00:00,51.2,74.74,89.74,13.86
2018-04-27 00:00:00,53.25,74.64,90.38,13.93
2018-04-30 00:00:00,55,75.17,91.32,13.95
2018-05-01 00:00:00,52.75,73.13,91.08,13.76
2018-05-02 00:00:00,53.5,73.36,89.85,13.43
2018-05-03 00:00:00,52.3,73.62,90.1,13.33
2018-05-04 00:00:00,53.35,74.87,90.73,13.39
2018-05-07 00:00:00,53.35,76.17,90.73,14
2018-05-08 00:00:00,54,74.85,91.09,13.98
2018-05-09 00:00:00,53.2,77.21,91.82,14.4
2018-05-10 00:00:00,54.1,77.47,92.75,15.01
2018-05-11 00:00:00,54.5,77.12,93.75,15.03
2018-05-14 00:00:00,56.5,78.23,95.8,15.05
2018-05-15 00:00:00,55.4,78.43,94.87,14.73
2018-05-16 00:00:00,55.5,79.28,95.23,15.6
2018-05-17 00:00:00,58,79.3,96.46,15.74
2018-05-18 00:00:00,57,78.51,94.23,15.7
2018-05-21 00:00:00,57.25,79.22,95,16
2018-05-22 00:00:00,58.2,79.57,95.28,16.4
2018-05-23 00:00:00,57.5,79.8,94.23,16.47
2018-05-24 00:00:00,57.5,78.79,94.54,16.77
2018-05-25 00:00:00,57.5,76.44,92.69,16.49
2018-05-28 00:00:00,57.5,75.3,93.44,16.79
2018-05-29 00:00:00,58,75.39,93.6,16.77
2018-05-30 00:00:00,59.9,77.5,94.07,16.32
2018-05-31 00:00:00,61.5,77.59,93.36,15.38
2018-06-01 00:00:00,58.5,76.79,94,15.77
2018-06-04 00:00:00,59,75.29,95.78,16.64
2018-06-05 00:00:00,58.25,75.38,94.32,16.25
2018-06-06 00:00:00,57.2,75.36,93.74,16.45
2018-06-07 00:00:00,56.3,77.32,95.16,16.51
2018-06-08 00:00:00,56.3,76.46,95.16,16.34
2018-06-11 00:00:00,54.25,76.46,95.55,16.02
2018-06-12 00:00:00,55.45,75.88,96.75,15.69
2018-06-13 00:00:00,56.3,76.74,96.1,15.86
2018-06-14 00:00:00,56.2,75.94,95.9,15.46
2018-06-15 00:00:00,54.5,73.44,95.27,15.07
2018-06-18 00:00:00,55.25,75.34,95.45,15.14
2018-06-19 00:00:00,54.2,75.08,94.78,14.77
2018-06-20 00:00:00,53.75,74.74,93.17,15.01
2018-06-21 00:00:00,51.9,73.05,90.51,15.35
2018-06-22 00:00:00,53,75.55,90.71,15.65
2018-06-25 00:00:00,53,74.73,92.12,15.57
2018-06-26 00:00:00,53,76.31,92.63,15.57
2018-06-27 00:00:00,55.15,77.62,94.37,15.8
2018-06-28 00:00:00,54.525,77.85,94.18,15.55
2018-06-29 00:00:00,53.5,79.44,95.46,15.53
2018-07-02 00:00:00,54.5,77.3,96.07,15.63
2018-07-03 00:00:00,56.4,77.76,97.16,15.66
2018-07-04 00:00:00,56.7,78.24,97.4,16.08
2018-07-05 00:00:00,57.15,77.39,97.41,16.25
2018-07-06 00:00:00,57.4,77.11,96.86,16.28
2018-07-09 00:00:00,59.5,78.07,98.48,16.57
2018-07-10 00:00:00,59.05,78.86,98.55,16.65
2018-07-11 00:00:00,58.2,73.4,98.66,16.92
2018-07-12 00:00:00,57.25,74.45,96.05,16.69
2018-07-13 00:00:00,58,75.33,94.49,16.66
2018-07-16 00:00:00,57.23,71.84,93.83,16.54
2018-07-17 00:00:00,57.23,72.16,93.34,16.68
2018-07-18 00:00:00,57.23,72.9,95.2,17.01
2018-07-19 00:00:00,57.23,72.58,94.5,17.47
2018-07-20 00:00:00,57.23,73.07,92.37,17.71
2018-07-23 00:00:00,57.23,73.06,92.88,18.05
2018-07-24 00:00:00,57.23,73.44,93.85,17.82
2018-07-25 00:00:00,57.23,73.93,94.1,18.07
2018-07-26 00:00:00,57.55,74.54,93.06,18.02
2018-07-27 00:00:00,57.5,74.29,93.19,17.86
2018-07-30 00:00:00,58.75,74.97,93.26,17.77
2018-07-31 00:00:00,57.8,74.25,93.47,18.14
2018-08-01 00:00:00,57.6,72.39,92.74,18.52
2018-08-02 00:00:00,58.15,73.45,92.16,18.36
2018-08-03 00:00:00,59.25,73.21,92,18.41
2018-08-06 00:00:00,58.75,73.75,93.25,18.29
2018-08-07 00:00:00,59.2,74.65,93.85,18.22
2018-08-08 00:00:00,58.5,72.28,92.27,18.08
2018-08-09 00:00:00,58.8,72.07,92.64,18.28
2018-08-10 00:00:00,58.7,72.81,92.74,18.56
2018-08-13 00:00:00,61.55,72.61,93.22,18.75
2018-08-14 00:00:00,60.5,72.46,93.45,18.84
2018-08-15 00:00:00,59.8,70.76,92.21,18.78
2018-08-16 00:00:00,61,71.43,92.16,18.69
2018-08-17 00:00:00,62.4,71.83,93.52,18.84
2018-08-20 00:00:00,63,72.21,93.08,19.2
2018-08-21 00:00:00,64,72.63,92.58,20.04
2018-08-22 00:00:00,63.75,74.78,92.86,20.55
2018-08-23 00:00:00,65.9,74.73,93.14,21.18
2018-08-24 00:00:00,66,75.82,94.16,21.52
2018-08-27 00:00:00,66,76.21,94.66,22.16
2018-08-28 00:00:00,68.4,75.95,95.26,21.57
2018-08-29 00:00:00,69.75,77.14,96.99,21.92
2018-08-30 00:00:00,69.7,77.77,94.76,22
2018-08-31 00:00:00,69.1,77.42,95.35,21.91
2018-09-03 00:00:00,70.5,78.15,96.43,20.98
2018-09-04 00:00:00,71.5,78.17,97.43,20.91
2018-09-05 00:00:00,72.25,77.27,98.96,21.12
2018-09-06 00:00:00,73.6,76.5,99.26,22.23
2018-09-07 00:00:00,74.75,76.83,99.13,24
2018-09-10 00:00:00,77.1,77.37,101.07,26.08
2018-09-11 00:00:00,75.5,79.06,101.83,25.06
2018-09-12 00:00:00,73.5,79.74,101.21,23.82
2018-09-13 00:00:00,70.5,78.18,100.56,19.72
2018-09-14 00:00:00,70.7,78.09,100.46,20.85
2018-09-17 00:00:00,72.5,78.05,101.08,21.84
2018-09-18 00:00:00,71.4,79.03,99.76,21.13
2018-09-19 00:00:00,74.5,79.4,101.08,22.39
2018-09-20 00:00:00,75.6,78.7,101.04,23.01
2018-09-21 00:00:00,78.25,78.8,101.36,23.15
2018-09-24 00:00:00,79.25,81.2,102.22,23.53
2018-09-25 00:00:00,78,81.87,101.25,22.47
2018-09-26 00:00:00,75.5,81.34,101.54,21.46
2018-09-27 00:00:00,72.25,81.72,101.1,22.04
2018-09-28 00:00:00,72.5,82.72,101.93,22.49
2018-10-01 00:00:00,71,84.98,103.37,22.76
2018-10-02 00:00:00,70.75,84.8,102.96,22.41
2018-10-03 00:00:00,70.45,86.29,103.79,22.63
2018-10-04 00:00:00,71.5,84.58,103.71,22.85
2018-10-05 00:00:00,71.8,84.16,103.59,23.74
2018-10-08 00:00:00,68.35,83.91,102.5,23.8
2018-10-09 00:00:00,68.05,85,101.32,22.62
2018-10-10 00:00:00,66,83.09,99.36,20.98
2018-10-11 00:00:00,62.15,80.26,98.19,21.25
2018-10-12 00:00:00,67.5,80.43,99.34,21.67
2018-10-15 00:00:00,69,80.78,99.2,19.64
2018-10-16 00:00:00,67.25,81.41,100.28,20.28
2018-10-17 00:00:00,63.5,80.05,100,20.2
2018-10-18 00:00:00,66.6,79.29,101.11,20.75
2018-10-19 00:00:00,68.5,79.78,102,20.69
2018-10-22 00:00:00,63,79.83,101.8,19.87
2018-10-23 00:00:00,60.5,76.44,101.26,20
2018-10-24 00:00:00,64.55,76.17,101.18,20.37
2018-10-25 00:00:00,65.5,76.89,100.3,19.79
2018-10-26 00:00:00,63,77.62,99.05,18.99
2018-10-29 00:00:00,66.2,77.34,99.54,17.31
2018-10-30 00:00:00,65.45,75.91,98.5,16.63
2018-10-31 00:00:00,62.1,75.47,97.55,17.07
2018-11-01 00:00:00,61.75,72.89,95.26,16.26
2018-11-02 00:00:00,61.85,72.83,96.67,17.8
2018-11-05 00:00:00,60.6,73.17,95.01,18
2018-11-06 00:00:00,61,72.13,93.75,18.41
2018-11-07 00:00:00,62.25,72.07,95.1,19.49
2018-11-08 00:00:00,63,70.65,93.45,20.46
2018-11-09 00:00:00,61,70.18,92.49,20.38
2018-11-12 00:00:00,65.25,70.12,93.15,21.43
2018-11-13 00:00:00,67.5,65.47,92.11,21.05
2018-11-14 00:00:00,67.4,66.12,89.4,20.65
2018-11-15 00:00:00,71.3,66.62,90.73,19.94
2018-11-16 00:00:00,66.75,66.76,88.74,20.04
2018-11-19 00:00:00,64.25,66.79,88.04,19.84
2018-11-20 00:00:00,65.5,62.53,87.87,20.36
2018-11-21 00:00:00,66.1,63.48,87.6,21.42
2018-11-22 00:00:00,66.15,62.6,87.98,21.85
2018-11-23 00:00:00,65.65,58.8,87.05,21.11
2018-11-26 00:00:00,64.5,60.48,88.52,20.72
2018-11-27 00:00:00,66.2,60.21,89.54,20.49
2018-11-28 00:00:00,62.25,58.76,89.6,20.18
2018-11-29 00:00:00,63.7,59.51,90.72,20.91
2018-11-30 00:00:00,63.4,58.71,90.75,21.38
2018-12-03 00:00:00,66.575,61.69,90.85,21.55
2018-12-04 00:00:00,64.4,62.08,91.33,21.64
2018-12-05 00:00:00,63.8,61.56,91.4,20.57
2018-12-06 00:00:00,61.3,60.06,91.85,20.89
2018-12-07 00:00:00,59.15,61.67,92.06,21.2
2018-12-10 00:00:00,63.8,59.97,92.41,21.76
2018-12-11 00:00:00,63.1,60.2,93.08,21.06
2018-12-12 00:00:00,64,60.15,93.59,22.4
2018-12-13 00:00:00,65.75,61.45,94.31,23.24
2018-12-14 00:00:00,67.25,60.28,94.8,24.3
2018-12-17 00:00:00,66.7,59.61,95.05,25.19
2018-12-18 00:00:00,64.75,56.26,94.66,24.93
2018-12-19 00:00:00,65.6,57.24,94.36,25.19
2018-12-20 00:00:00,67.1,54.35,94.01,25.07
2018-12-21 00:00:00,67,53.82,93.89,25.52
2018-12-24 00:00:00,66,50.47,93.86,25.76
2018-12-25 00:00:00,66,54.47,93.86,25.76
2018-12-26 00:00:00,66,54.47,93.86,25.76
2018-12-27 00:00:00,62,52.16,92.97,25.6
2018-12-28 00:00:00,58,52.2,93.04,25.54
2018-12-31 00:00:00,53,53.8,92.66,25.58
2019-01-01 00:00:00,53,53.8,92.66,25.58
2019-01-02 00:00:00,62,54.91,87.05,25.86
2019-01-03 00:00:00,60.3,55.95,86.05,23.83
2019-01-04 00:00:00,61.4,57.06,86.31,24.23
2019-01-07 00:00:00,56.25,57.33,85.75,22.75
2019-01-08 00:00:00,59,58.72,86.05,23.33
2019-01-09 00:00:00,58.8,61.44,86.85,22.51
2019-01-10 00:00:00,57.5,61.68,86.9,22.59
2019-01-11 00:00:00,58.5,60.48,87.31,23.21
2019-01-14 00:00:00,57,58.99,86.95,23.02
2019-01-15 00:00:00,58.3,60.64,88.1,23.09
2019-01-16 00:00:00,58.25,61.32,89.74,23.88
2019-01-17 00:00:00,62.025,61.18,91,24.13
2019-01-18 00:00:00,61,62.7,91.85,25.33
2019-01-21 00:00:00,57.6,62.74,91.4,24.93
2019-01-22 00:00:00,58.85,61.5,92.4,25.65
2019-01-23 00:00:00,59.75,61.14,92.24,25.18
2019-01-24 00:00:00,57.25,61.09,91.2,24.54
2019-01-25 00:00:00,54.7,61.64,91.25,24.39
2019-01-28 00:00:00,55.2,59.93,91.5,23.2
2019-01-29 00:00:00,55.25,61.32,90.9,23.84
2019-01-30 00:00:00,54.5,61.65,91.55,23.48
2019-01-31 00:00:00,53.4,61.89,91.01,22.71
2019-02-01 00:00:00,51.35,62.75,89.25,22.39
2019-02-04 00:00:00,51.3,62.51,88,23.48
2019-02-05 00:00:00,51.2,61.98,86.8,23.6
2019-02-06 00:00:00,50.8,62.69,87.75,24.12
2019-02-07 00:00:00,50.85,61.63,85.31,23.91
2019-02-08 00:00:00,48.5,62.1,83.8,22.79
2019-02-11 00:00:00,48,61.51,83.35,22.82
2019-02-12 00:00:00,48,62.42,82.7,21.12
2019-02-13 00:00:00,47.55,63.61,84.25,21.35
2019-02-14 00:00:00,47.3,64.57,82.89,20.2
2019-02-15 00:00:00,46.8,66.25,84.45,20.84
2019-02-18 00:00:00,45.9,66.5,85,20.41
2019-02-19 00:00:00,46.5,66.45,84.75,20.62
2019-02-20 00:00:00,46.875,67.08,85.6,20.89
2019-02-21 00:00:00,44.7,67.07,84.2,19.2
2019-02-22 00:00:00,45,67.12,84.1,19.33
2019-02-25 00:00:00,43.5,64.76,84,19.62
2019-02-26 00:00:00,43.4,65.21,84.55,20.03
2019-02-27 00:00:00,45,66.39,85.2,21.65
2019-02-28 00:00:00,44.6,66.03,85.75,22.07
2019-03-01 00:00:00,43.75,65.07,85.85,22.67
2019-03-04 00:00:00,43.95,65.67,86.9,23.51
2019-03-05 00:00:00,43.9,65.86,84.85,23.33
2019-03-06 00:00:00,42.5,65.99,83.55,22.53
2019-03-07 00:00:00,42.9,66.3,83.8,23.68
2019-03-08 00:00:00,43,65.74,81.74,23.44
2019-03-11 00:00:00,42.1,66.58,81.3,22.69
2019-03-12 00:00:00,40.8,66.67,81.5,22.72
2019-03-13 00:00:00,39.55,67.55,80.49,22.67
2019-03-14 00:00:00,39.15,67.23,81.5,23.14
2019-03-15 00:00:00,38.15,67.16,79.61,22.85
2019-03-18 00:00:00,38.45,67.54,80.3,22.2
2019-03-19 00:00:00,37.75,67.61,79.6,21.48
2019-03-20 00:00:00,37.85,68.5,80,21.99
2019-03-21 00:00:00,37.05,67.86,79.15,21.28
2019-03-22 00:00:00,36.85,67.03,78.9,21
2019-03-25 00:00:00,35.35,67.21,78.85,21.26
2019-03-26 00:00:00,36,67.97,79.8,21.87
2019-03-27 00:00:00,37.5,67.83,79.6,22.17
2019-03-28 00:00:00,36,67.82,78.35,22.58
2019-03-29 00:00:00,34.7,68.39,77.9,21.86
2019-04-01 00:00:00,33.5,69.01,77.65,22.23
2019-04-02 00:00:00,31.6,69.37,76.44,22.32
2019-04-03 00:00:00,34,69.31,76.09,23.48
2019-04-04 00:00:00,34.6,69.4,77.65,24.74
2019-04-05 00:00:00,41,70.34,79.6,24.92
2019-04-08 00:00:00,38.75,71.1,79.55,24.62
2019-04-09 00:00:00,43.975,70.61,79.7,25.84
2019-04-10 00:00:00,41.5,71.73,79.44,26.43
2019-04-11 00:00:00,40.75,70.83,80.2,27.64
2019-04-12 00:00:00,39.65,71.55,80.2,26.89
2019-04-15 00:00:00,37.5,71.18,79.16,27.12
2019-04-16 00:00:00,36.75,71.72,78.8,27.31
2019-04-17 00:00:00,36.5,71.62,80.36,27.77
2019-04-18 00:00:00,35.3,71.97,78.56,27.19
2019-04-19 00:00:00,35.3,71.97,78.56,27.19
2019-04-22 00:00:00,35.3,74.04,78.56,27.19
2019-04-23 00:00:00,26,74.51,80.25,27.83
2019-04-24 00:00:00,31.25,74.57,79.3,27.69
2019-04-25 00:00:00,32.25,74.35,79,27.58
2019-04-26 00:00:00,32,72.15,78.9,26.15
2019-04-29 00:00:00,34.05,72.04,78.05,26.65
2019-04-30 00:00:00,34.6,72.8,78.6,26.56
2019-05-01 00:00:00,32.35,72.18,78.1,26.05
2019-05-02 00:00:00,34.6,70.75,78.55,24.96
2019-05-03 00:00:00,34.5,70.85,79.85,25.47
2019-05-06 00:00:00,34.5,71.24,79.6,25.62
2019-05-07 00:00:00,32.9,69.88,78.9,26.68
2019-05-08 00:00:00,35.6,70.37,79.43,27.19
2019-05-09 00:00:00,39.25,70.39,78.25,26.77
2019-05-10 00:00:00,38.5,70.62,78.47,25.88
2019-05-13 00:00:00,31.3,70.23,77.2,25.28
2019-05-14 00:00:00,31,71.24,77.95,26.13
2019-05-15 00:00:00,31,71.77,77.9,26.22
2019-05-16 00:00:00,30,72.62,76.3,25.81
2019-05-17 00:00:00,30.75,72.21,75.6,25.23
2019-05-20 00:00:00,31.25,71.97,74,25.43
2019-05-21 00:00:00,29,72.18,75.29,25.62
2019-05-22 00:00:00,30.5,70.99,75.19,26.61
2019-05-23 00:00:00,29.25,67.76,74.2,26.3
2019-05-24 00:00:00,29.35,68.69,73.95,25.72
2019-05-27 00:00:00,29.35,70.11,73.95,25.83
2019-05-28 00:00:00,30.25,70.11,73.1,25.73
2019-05-29 00:00:00,29.25,69.45,72.15,25.78
2019-05-30 00:00:00,27.6,66.87,71.1,25.55
2019-05-31 00:00:00,26.5,64.49,69.8,24.71
2019-06-03 00:00:00,26.05,61.28,69.05,24.01
2019-06-04 00:00:00,29.2,61.97,69.9,24.84
2019-06-05 00:00:00,28.1,60.63,69.05,24.54
2019-06-06 00:00:00,27.7,61.67,70.1,24.28
2019-06-07 00:00:00,28.2,63.29,71.4,24.82
2019-06-10 00:00:00,30.2,62.29,72.5,25.52
2019-06-11 00:00:00,29.35,62.29,70.7,25.29
2019-06-12 00:00:00,28.9,59.97,69.15,25.11
2019-06-13 00:00:00,30.75,61.31,69.75,25.25
2019-06-14 00:00:00,28.85,62.01,68.55,25.35
2019-06-17 00:00:00,31,60.94,68.95,25.32
2019-06-18 00:00:00,30.8,62.14,68.75,25.42
2019-06-19 00:00:00,28.4,61.82,68.15,25.27
2019-06-20 00:00:00,27.5,64.45,70.45,25.41
2019-06-21 00:00:00,27.25,65.2,70.5,25.61
2019-06-24 00:00:00,28.1,64.86,70.75,26.69
2019-06-25 00:00:00,25.25,65.05,70.3,26.74
2019-06-26 00:00:00,25.5,66.49,70.25,27.73
2019-06-27 00:00:00,24.4,66.55,69.9,27.23
2019-06-28 00:00:00,24,66.55,70.61,26.61
2019-07-01 00:00:00,26.25,65.06,70.5,27.26
2019-07-02 00:00:00,27.8,62.4,69.85,27.06
2019-07-03 00:00:00,27.2,63.82,70.46,26.85
2019-07-04 00:00:00,26.65,63.3,73.15,26.36
2019-07-05 00:00:00,30,64.23,73.35,26.73
2019-07-08 00:00:00,31.4,64.11,73.8,27.17
2019-07-09 00:00:00,32,64.16,72.8,26.92
2019-07-10 00:00:00,31.5,67.01,74.25,28.58
2019-07-11 00:00:00,35.75,66.52,74.3,28.68
2019-07-12 00:00:00,35.25,66.72,74.05,29.19
2019-07-15 00:00:00,38.2,66.48,73.85,29.45
2019-07-16 00:00:00,33,64.35,73.25,28.88
2019-07-17 00:00:00,30.7,63.66,74,28.88
2019-07-18 00:00:00,30.2,61.93,74.06,28.18
2019-07-19 00:00:00,29.45,62.47,75.4,29.29
2019-07-22 00:00:00,27.5,63.26,75.6,29.39
2019-07-23 00:00:00,27.5,63.83,76,30.2
2019-07-24 00:00:00,27.7,63.18,74.84,29.57
2019-07-25 00:00:00,27.7,63.39,75,29.39
2019-07-26 00:00:00,27.4,63.46,74.2,28.66
2019-07-29 00:00:00,27.1,63.71,73.85,28.78
2019-07-30 00:00:00,26.45,64.72,73.34,28.25
2019-07-31 00:00:00,27.8,65.17,73.07,28.33
2019-08-01 00:00:00,30.3,60.5,73.92,29.78
2019-08-02 00:00:00,31.8,61.89,73.08,29.59
2019-08-05 00:00:00,29,59.81,71.54,29.02
2019-08-06 00:00:00,25.5,58.94,70.43,28.71
2019-08-07 00:00:00,26.7,56.23,70.15,28.57
2019-08-08 00:00:00,26.6,57.38,70.27,28.82
2019-08-09 00:00:00,29.6,58.53,70.05,28.41
2019-08-12 00:00:00,30.15,58.57,69.76,26.98
2019-08-13 00:00:00,30.5,61.3,70.36,27.38
2019-08-14 00:00:00,28.5,59.48,69.86,27.19
2019-08-15 00:00:00,27,58.23,68.71,26.26
2019-08-16 00:00:00,26.525,58.64,67.91,26.23
2019-08-19 00:00:00,25.6,59.74,68.18,26.84
2019-08-20 00:00:00,28.05,60.03,68.5,26.53
2019-08-21 00:00:00,27.15,60.3,67.84,26.29
2019-08-22 00:00:00,29,59.92,67.64,25.93
2019-08-23 00:00:00,26,59.34,66.68,25.36
2019-08-26 00:00:00,26,58.7,66.7,26.09
2019-08-27 00:00:00,28.25,59.51,66.26,25.67
2019-08-28 00:00:00,27.5,60.49,66.14,26.26
2019-08-29 00:00:00,27.1,61.08,66.59,26.7
2019-08-30 00:00:00,26.5,60.43,66.27,26.57
2019-09-02 00:00:00,17.76,58.66,66.35,25.43
2019-09-03 00:00:00,20.4,58.26,67.32,25.47
2019-09-04 00:00:00,19.2,60.7,67,25.74
2019-09-05 00:00:00,19.6,60.95,67.77,25.74
2019-09-06 00:00:00,23.45,61.54,67.88,25.29
2019-09-09 00:00:00,25.8,62.59,67.77,25.24
2019-09-10 00:00:00,26,62.38,68.81,26.94
2019-09-11 00:00:00,25,60.81,68.4,26.49
2019-09-12 00:00:00,27.4,60.38,69.05,26.66
2019-09-13 00:00:00,32.75,60.22,69.14,26.61
2019-09-16 00:00:00,31.35,69.02,70.77,27.28
2019-09-17 00:00:00,29.6,64.55,70.33,26.46
2019-09-18 00:00:00,26.5,63.6,70.03,25.68
2019-09-19 00:00:00,25.3,64.4,69.85,26.18
2019-09-20 00:00:00,23.6,64.28,70.32,26.78
2019-09-23 00:00:00,25,64.77,69.84,26.04
2019-09-24 00:00:00,26.5,63.1,68.6,25.77
2019-09-25 00:00:00,25.275,62.39,67.8,25.45
2019-09-26 00:00:00,24.6,62.74,68.6,25.88
2019-09-27 00:00:00,26.35,61.91,68.87,25.54
2019-09-30 00:00:00,24,60.78,69.07,24.96
2019-10-01 00:00:00,26.5,58.89,68.95,25.26
2019-10-02 00:00:00,27,57.69,68.11,24.4
2019-10-03 00:00:00,31.2,57.71,68.2,23.45
2019-10-04 00:00:00,28,58.37,69.31,23.16
2019-10-07 00:00:00,25.8,58.35,70.88,23.61
2019-10-08 00:00:00,25.65,58.24,71.85,22.74
2019-10-09 00:00:00,22,58.32,71.71,22.85
2019-10-10 00:00:00,22.2,59.1,71.26,23.45
2019-10-11 00:00:00,22.3,60.51,71.31,24.63
2019-10-14 00:00:00,29.65,59.35,71.51,24.34
2019-10-15 00:00:00,29,58.74,71.21,25.9
2019-10-16 00:00:00,27.675,59.42,70.83,26.49
2019-10-17 00:00:00,26.5,59.91,70.46,26.25
2019-10-18 00:00:00,28.75,59.42,71.38,26.07
2019-10-21 00:00:00,23.5,58.96,71.42,26.11
2019-10-22 00:00:00,25,59.7,71.3,25.84
2019-10-23 00:00:00,28,61.17,70.21,24.93
2019-10-24 00:00:00,28,61.67,70,25.62
2019-10-25 00:00:00,26.75,62.02,69.38,25.14
2019-10-28 00:00:00,26,61.57,68.71,25.29
2019-10-29 00:00:00,26.7,61.59,68.38,25.61
2019-10-30 00:00:00,22.9,60.61,68.28,26.16
2019-10-31 00:00:00,21.5,60.23,68.45,25.77
2019-11-01 00:00:00,28,61.69,69.08,25.44
2019-11-04 00:00:00,30.75,62.13,69.12,25.78
2019-11-05 00:00:00,33,62.96,70.25,25.66
2019-11-06 00:00:00,34.3,61.74,70,24.94
2019-11-07 00:00:00,35.7,62.29,69.96,25.08
2019-11-08 00:00:00,38,62.51,69.46,24.98
2019-11-11 00:00:00,33,62.18,69.05,25.06
2019-11-12 00:00:00,38.5,62.06,69.99,24.25
2019-11-13 00:00:00,38.75,62.37,69.91,24.53
2019-11-14 00:00:00,39.2,62.28,70.2,24.1
2019-11-15 00:00:00,38.6,63.3,70.4,23.99
2019-11-18 00:00:00,39,62.44,70.79,23.53
2019-11-19 00:00:00,39.75,60.91,71.25,23.58
2019-11-20 00:00:00,40,62.4,71.32,24.16
2019-11-21 00:00:00,41.75,63.97,71.43,24.08
2019-11-22 00:00:00,42,63.39,71.68,24.72
2019-11-25 00:00:00,42.85,63.65,70.68,24.58
2019-11-26 00:00:00,41,64.27,70.82,24.53
2019-11-27 00:00:00,41.4,64.06,70.67,25.26
2019-11-28 00:00:00,41.35,63.87,71.07,25.15
2019-11-29 00:00:00,40.9,62.43,72.05,25.36
2019-12-02 00:00:00,39.25,60.92,71.95,24.47
2019-12-03 00:00:00,37.75,60.82,72.22,24.15
2019-12-04 00:00:00,35.5,63,71.69,24.9
2019-12-05 00:00:00,33.35,63.39,71.73,24.85
2019-12-06 00:00:00,34,64.39,71.06,25.1
2019-12-09 00:00:00,34.2,64.25,71.48,25.3
2019-12-10 00:00:00,32.75,64.34,71.24,25.11
2019-12-11 00:00:00,32.3,63.72,70.88,24.65
2019-12-12 00:00:00,36,64.2,71.18,25.25
2019-12-13 00:00:00,32.4,65.22,70.29,24.17
2019-12-16 00:00:00,33,65.34,70.2,25.01
2019-12-17 00:00:00,32.9,66.1,70.25,26.07
2019-12-18 00:00:00,32.45,66.17,69.8,26.58
2019-12-19 00:00:00,32.45,66.54,69.93,26.85
2019-12-20 00:00:00,33.5,66.14,69.57,26.67
2019-12-23 00:00:00,29.4,66.39,70.1,26.54
2019-12-24 00:00:00,27.5,67.2,70.28,26.08
2019-12-25 00:00:00,27.5,67.92,70.28,26.08
2019-12-26 00:00:00,27.5,67.92,70.28,26.08
2019-12-27 00:00:00,27.5,68.16,71.13,26.7
2019-12-30 00:00:00,30.65,68.44,70.7,25.09
2019-12-31 00:00:00,30.1,66,70.91,24.64
2020-01-01 00:00:00,30.1,66,70.91,24.64
2020-01-02 00:00:00,27.4,66.25,70.02,24.39
2020-01-03 00:00:00,29.1,68.6,70.68,24.98
2020-01-06 00:00:00,29.45,68.91,70.88,24.23
2020-01-07 00:00:00,28,68.27,74.48,24.55
2020-01-08 00:00:00,28.65,65.44,74.18,24.08
2020-01-09 00:00:00,30,65.37,75.7,24.67
2020-01-10 00:00:00,30.25,64.98,77.85,24.21
2020-01-13 00:00:00,31,64.2,77.66,24.14
2020-01-14 00:00:00,29.55,64.49,75.33,23.84
2020-01-15 00:00:00,29,64,73.6,24.51
2020-01-16 00:00:00,29.4,64.62,72.5,24.85
2020-01-17 00:00:00,28.75,64.85,71.25,25.44
2020-01-20 00:00:00,28,65.2,71.25,25.17
2020-01-21 00:00:00,28.5,64.59,71.55,24.92
2020-01-22 00:00:00,27.7,63.21,71.2,25.01
2020-01-23 00:00:00,27.7,62.04,70.29,24.7
2020-01-24 00:00:00,27.7,60.69,69.5,24.38
2020-01-27 00:00:00,27.8,59.32,69.15,24.59
2020-01-28 00:00:00,28.45,59.51,70.65,24.65
2020-01-29 00:00:00,27.15,59.81,70.34,23.99
2020-01-30 00:00:00,25.65,58.29,69.85,23.74
2020-01-31 00:00:00,24.5,58.16,70.01,23.88
2020-02-03 00:00:00,24.9,54.45,69.88,23.21
2020-02-04 00:00:00,25.125,53.96,70.63,23.36
2020-02-05 00:00:00,25.1,55.28,71.37,23.77
2020-02-06 00:00:00,23.55,54.93,70.5,23.56
2020-02-07 00:00:00,22.75,54.47,69.1,23.32
2020-02-10 00:00:00,22.1,53.27,68.92,23.16
2020-02-11 00:00:00,21.5,54.01,70.6,23.3
2020-02-12 00:00:00,21.5,55.79,70.78,23.88
2020-02-13 00:00:00,21.15,56.34,71.98,24.4
2020-02-14 00:00:00,21.5,57.32,71.95,24.29
2020-02-17 00:00:00,23.1,57.67,72.72,25.05
2020-02-18 00:00:00,24.1,57.75,71.25,25.14
2020-02-19 00:00:00,25.5,59.12,71.1,25.71
2020-02-20 00:00:00,24.2,59.31,70.57,25.64
2020-02-21 00:00:00,24,58.5,70.4,25.61
2020-02-24 00:00:00,25.2,56.3,69.65,24.57
2020-02-25 00:00:00,24,54.95,69.06,24.18
2020-02-26 00:00:00,25.2,53.43,69.12,24.26
2020-02-27 00:00:00,25.4,52.18,68.8,23.6
2020-02-28 00:00:00,24.1,50.52,69.23,23.61
2020-03-02 00:00:00,24.7,51.9,68.4,23.52
2020-03-03 00:00:00,26.4,51.86,68.67,23.36
2020-03-04 00:00:00,25,51.13,68.29,23.83
2020-03-05 00:00:00,25.5,49.99,68.04,23.81
2020-03-06 00:00:00,24.1,45.27,67.68,23.42
2020-03-09 00:00:00,22.55,34.36,65.22,23.28
2020-03-10 00:00:00,23.5,37.22,65.99,24.1
2020-03-11 00:00:00,24.25,35.79,68.35,23.92
2020-03-12 00:00:00,24.85,33.22,66.75,22.52
2020-03-13 00:00:00,26,33.85,66.02,21.94
2020-03-16 00:00:00,23.25,30.05,66.25,19.47
2020-03-17 00:00:00,23.3,28.73,66,18.31
2020-03-18 00:00:00,24.25,24.88,66.4,15.3
2020-03-19 00:00:00,25,28.47,65.09,16.39
2020-03-20 00:00:00,22.8,26.98,66.27,16.11
2020-03-23 00:00:00,21.65,27.03,63.32,15.54
2020-03-24 00:00:00,21.55,27.15,68.31,16.78
2020-03-25 00:00:00,22.3,27.39,67.81,17.51
2020-03-26 00:00:00,21.55,26.34,70.35,17.35
2020-03-27 00:00:00,18.9,24.93,72.46,16.39
2020-03-30 00:00:00,19.2,22.76,71.63,17.06
2020-03-31 00:00:00,18,22.74,71.13,17.68
